rain,date
1, 1951-01-01 
1, 1951-01-02 
1, 1951-01-03 
1, 1951-01-04 
1, 1951-01-05 
1, 1951-01-06 
1, 1951-01-07 
1, 1951-01-08 
1, 1951-01-09 
1, 1951-01-10 
1, 1951-01-11 
1, 1951-01-12 
1, 1951-01-13 
1, 1951-01-14 
1, 1951-01-16 
1, 1951-01-17 
1, 1951-01-18 
1, 1951-01-19 
1, 1951-01-20 
1, 1951-01-21 
1, 1951-01-22 
1, 1951-01-23 
1, 1951-01-26 
1, 1951-02-02 
1, 1951-02-03 
1, 1951-02-04 
1, 1951-02-05 
1, 1951-02-06 
1, 1951-02-08 
1, 1951-02-09 
1, 1951-02-11 
1, 1951-02-12 
1, 1951-02-13 
1, 1951-02-14 
1, 1951-02-15 
1, 1951-02-16 
1, 1951-02-17 
1, 1951-02-18 
1, 1951-02-19 
1, 1951-02-20 
1, 1951-02-21 
1, 1951-02-23 
1, 1951-02-24 
1, 1951-02-25 
1, 1951-02-26 
1, 1951-03-02 
1, 1951-03-05 
1, 1951-03-06 
1, 1951-03-08 
1, 1951-03-09 
1, 1951-03-10 
1, 1951-03-11 
1, 1951-03-12 
1, 1951-03-13 
1, 1951-03-14 
1, 1951-03-16 
1, 1951-03-17 
1, 1951-03-18 
1, 1951-03-19 
1, 1951-03-21 
1, 1951-03-22 
1, 1951-03-23 
1, 1951-03-25 
1, 1951-03-26 
1, 1951-03-27 
1, 1951-03-28 
1, 1951-03-29 
1, 1951-03-31 
1, 1951-04-01 
1, 1951-04-02 
1, 1951-04-04 
1, 1951-04-06 
1, 1951-04-07 
1, 1951-04-08 
1, 1951-04-09 
1, 1951-04-10 
1, 1951-04-11 
1, 1951-04-13 
1, 1951-04-14 
1, 1951-04-16 
1, 1951-04-26 
1, 1951-04-27 
1, 1951-04-28 
1, 1951-04-29 
1, 1951-04-30 
1, 1951-05-01 
1, 1951-05-02 
1, 1951-05-03 
1, 1951-05-04 
1, 1951-05-05 
1, 1951-05-06 
1, 1951-05-07 
1, 1951-05-08 
1, 1951-05-09 
1, 1951-05-13 
1, 1951-05-14 
1, 1951-05-15 
1, 1951-05-16 
1, 1951-05-20 
1, 1951-05-21 
1, 1951-05-22 
1, 1951-05-23 
1, 1951-05-24 
1, 1951-05-26 
1, 1951-05-27 
1, 1951-06-09 
1, 1951-06-10 
1, 1951-06-11 
1, 1951-06-12 
1, 1951-06-13 
1, 1951-06-14 
1, 1951-06-18 
1, 1951-06-19 
1, 1951-06-22 
1, 1951-06-24 
1, 1951-06-25 
1, 1951-06-26 
1, 1951-06-27 
1, 1951-06-28 
1, 1951-07-03 
1, 1951-07-04 
1, 1951-07-05 
1, 1951-07-06 
1, 1951-07-08 
1, 1951-07-09 
1, 1951-07-10 
1, 1951-07-11 
1, 1951-07-12 
1, 1951-07-13 
1, 1951-07-14 
1, 1951-07-18 
1, 1951-07-20 
1, 1951-07-22 
1, 1951-07-23 
1, 1951-07-24 
1, 1951-07-26 
1, 1951-07-27 
1, 1951-07-28 
1, 1951-07-30 
1, 1951-07-31 
1, 1951-08-04 
1, 1951-08-06 
1, 1951-08-07 
1, 1951-08-09 
1, 1951-08-10 
1, 1951-08-11 
1, 1951-08-12 
1, 1951-08-13 
1, 1951-08-17 
1, 1951-08-19 
1, 1951-08-22 
1, 1951-08-24 
1, 1951-08-25 
1, 1951-08-26 
1, 1951-08-27 
1, 1951-08-28 
1, 1951-08-29 
1, 1951-08-30 
1, 1951-08-31 
1, 1951-09-01 
1, 1951-09-03 
1, 1951-09-04 
1, 1951-09-06 
1, 1951-09-07 
1, 1951-09-11 
1, 1951-09-12 
1, 1951-09-13 
1, 1951-09-14 
1, 1951-09-15 
1, 1951-09-16 
1, 1951-09-18 
1, 1951-09-23 
1, 1951-09-25 
1, 1951-09-26 
1, 1951-09-27 
1, 1951-09-28 
1, 1951-10-01 
1, 1951-10-02 
1, 1951-10-20 
1, 1951-10-21 
1, 1951-10-22 
1, 1951-10-23 
1, 1951-10-29 
1, 1951-10-30 
1, 1951-10-31 
1, 1951-11-02 
1, 1951-11-03 
1, 1951-11-04 
1, 1951-11-05 
1, 1951-11-06 
1, 1951-11-07 
1, 1951-11-08 
1, 1951-11-09 
1, 1951-11-10 
1, 1951-11-12 
1, 1951-11-13 
1, 1951-11-15 
1, 1951-11-16 
1, 1951-11-17 
1, 1951-11-18 
1, 1951-11-20 
1, 1951-11-21 
1, 1951-11-22 
1, 1951-11-23 
1, 1951-11-24 
1, 1951-11-25 
1, 1951-11-27 
1, 1951-11-28 
1, 1951-11-29 
1, 1951-12-02 
1, 1951-12-03 
1, 1951-12-04 
1, 1951-12-05 
1, 1951-12-06 
1, 1951-12-08 
1, 1951-12-09 
1, 1951-12-15 
1, 1951-12-16 
1, 1951-12-18 
1, 1951-12-19 
1, 1951-12-20 
1, 1951-12-21 
1, 1951-12-23 
1, 1951-12-24 
1, 1951-12-25 
1, 1951-12-26 
1, 1951-12-27 
1, 1951-12-28 
1, 1951-12-29 
1, 1951-12-30 
1, 1952-01-01 
1, 1952-01-02 
1, 1952-01-04 
1, 1952-01-06 
1, 1952-01-08 
1, 1952-01-09 
1, 1952-01-10 
1, 1952-01-11 
1, 1952-01-12 
1, 1952-01-13 
1, 1952-01-16 
1, 1952-01-17 
1, 1952-01-18 
1, 1952-01-19 
1, 1952-01-20 
1, 1952-01-21 
1, 1952-01-22 
1, 1952-01-23 
1, 1952-01-24 
1, 1952-01-28 
1, 1952-01-29 
1, 1952-01-31 
1, 1952-02-01 
1, 1952-02-03 
1, 1952-02-04 
1, 1952-02-05 
1, 1952-02-06 
1, 1952-02-07 
1, 1952-02-08 
1, 1952-02-10 
1, 1952-02-11 
1, 1952-02-14 
1, 1952-02-15 
1, 1952-02-16 
1, 1952-02-17 
1, 1952-02-18 
1, 1952-02-19 
1, 1952-02-29 
1, 1952-03-01 
1, 1952-03-03 
1, 1952-03-05 
1, 1952-03-06 
1, 1952-03-07 
1, 1952-03-08 
1, 1952-03-09 
1, 1952-03-13 
1, 1952-03-16 
1, 1952-03-17 
1, 1952-03-18 
1, 1952-03-20 
1, 1952-03-21 
1, 1952-03-22 
1, 1952-03-24 
1, 1952-03-25 
1, 1952-03-26 
1, 1952-03-31 
1, 1952-04-01 
1, 1952-04-02 
1, 1952-04-05 
1, 1952-04-06 
1, 1952-04-07 
1, 1952-04-08 
1, 1952-04-10 
1, 1952-04-11 
1, 1952-04-12 
1, 1952-04-13 
1, 1952-04-14 
1, 1952-04-15 
1, 1952-04-19 
1, 1952-04-20 
1, 1952-04-21 
1, 1952-04-22 
1, 1952-04-23 
1, 1952-04-24 
1, 1952-05-02 
1, 1952-05-03 
1, 1952-05-04 
1, 1952-05-05 
1, 1952-05-06 
1, 1952-05-07 
1, 1952-05-08 
1, 1952-05-09 
1, 1952-05-10 
1, 1952-05-11 
1, 1952-05-12 
1, 1952-05-17 
1, 1952-05-20 
1, 1952-05-28 
1, 1952-05-30 
1, 1952-05-31 
1, 1952-06-01 
1, 1952-06-02 
1, 1952-06-03 
1, 1952-06-05 
1, 1952-06-06 
1, 1952-06-08 
1, 1952-06-13 
1, 1952-06-14 
1, 1952-06-15 
1, 1952-06-17 
1, 1952-06-18 
1, 1952-06-19 
1, 1952-06-20 
1, 1952-06-21 
1, 1952-06-22 
1, 1952-06-24 
1, 1952-06-25 
1, 1952-07-02 
1, 1952-07-03 
1, 1952-07-06 
1, 1952-07-08 
1, 1952-07-11 
1, 1952-07-17 
1, 1952-07-18 
1, 1952-07-27 
1, 1952-07-28 
1, 1952-07-29 
1, 1952-07-30 
1, 1952-08-01 
1, 1952-08-02 
1, 1952-08-03 
1, 1952-08-04 
1, 1952-08-05 
1, 1952-08-06 
1, 1952-08-07 
1, 1952-08-08 
1, 1952-08-09 
1, 1952-08-10 
1, 1952-08-11 
1, 1952-08-12 
1, 1952-08-16 
1, 1952-08-18 
1, 1952-08-19 
1, 1952-08-21 
1, 1952-08-26 
1, 1952-08-27 
1, 1952-08-30 
1, 1952-08-31 
1, 1952-09-03 
1, 1952-09-05 
1, 1952-09-06 
1, 1952-09-07 
1, 1952-09-08 
1, 1952-09-09 
1, 1952-09-10 
1, 1952-09-11 
1, 1952-09-12 
1, 1952-09-13 
1, 1952-09-14 
1, 1952-09-15 
1, 1952-09-17 
1, 1952-09-18 
1, 1952-09-20 
1, 1952-09-21 
1, 1952-09-24 
1, 1952-09-25 
1, 1952-09-27 
1, 1952-09-28 
1, 1952-09-29 
1, 1952-09-30 
1, 1952-10-01 
1, 1952-10-02 
1, 1952-10-03 
1, 1952-10-06 
1, 1952-10-07 
1, 1952-10-09 
1, 1952-10-10 
1, 1952-10-11 
1, 1952-10-13 
1, 1952-10-14 
1, 1952-10-16 
1, 1952-10-22 
1, 1952-10-23 
1, 1952-10-24 
1, 1952-10-25 
1, 1952-10-27 
1, 1952-10-28 
1, 1952-10-29 
1, 1952-10-30 
1, 1952-10-31 
1, 1952-11-01 
1, 1952-11-02 
1, 1952-11-03 
1, 1952-11-04 
1, 1952-11-05 
1, 1952-11-06 
1, 1952-11-07 
1, 1952-11-08 
1, 1952-11-09 
1, 1952-11-10 
1, 1952-11-11 
1, 1952-11-12 
1, 1952-11-13 
1, 1952-11-14 
1, 1952-11-16 
1, 1952-11-17 
1, 1952-11-18 
1, 1952-11-19 
1, 1952-11-20 
1, 1952-11-21 
1, 1952-11-22 
1, 1952-11-27 
1, 1952-11-28 
1, 1952-12-01 
1, 1952-12-02 
1, 1952-12-03 
1, 1952-12-04 
1, 1952-12-09 
1, 1952-12-10 
1, 1952-12-11 
1, 1952-12-12 
1, 1952-12-13 
1, 1952-12-14 
1, 1952-12-16 
1, 1952-12-17 
1, 1952-12-18 
1, 1952-12-19 
1, 1952-12-20 
1, 1952-12-22 
1, 1952-12-23 
1, 1952-12-24 
1, 1952-12-25 
1, 1952-12-26 
1, 1952-12-28 
1, 1952-12-29 
1, 1952-12-30 
1, 1952-12-31 
1, 1953-01-01 
1, 1953-01-02 
1, 1953-01-05 
1, 1953-01-06 
1, 1953-01-07 
1, 1953-01-08 
1, 1953-01-09 
1, 1953-01-12 
1, 1953-01-14 
1, 1953-01-15 
1, 1953-01-24 
1, 1953-01-25 
1, 1953-01-26 
1, 1953-01-27 
1, 1953-01-30 
1, 1953-01-31 
1, 1953-02-02 
1, 1953-02-03 
1, 1953-02-04 
1, 1953-02-05 
1, 1953-02-08 
1, 1953-02-09 
1, 1953-02-10 
1, 1953-02-11 
1, 1953-02-12 
1, 1953-02-13 
1, 1953-02-16 
1, 1953-02-17 
1, 1953-02-19 
1, 1953-03-05 
1, 1953-03-12 
1, 1953-03-18 
1, 1953-03-26 
1, 1953-03-28 
1, 1953-03-29 
1, 1953-03-30 
1, 1953-03-31 
1, 1953-04-01 
1, 1953-04-02 
1, 1953-04-04 
1, 1953-04-05 
1, 1953-04-06 
1, 1953-04-12 
1, 1953-04-13 
1, 1953-04-14 
1, 1953-04-15 
1, 1953-04-16 
1, 1953-04-17 
1, 1953-04-27 
1, 1953-04-28 
1, 1953-04-29 
1, 1953-04-30 
1, 1953-05-01 
1, 1953-05-02 
1, 1953-05-06 
1, 1953-05-09 
1, 1953-05-10 
1, 1953-05-14 
1, 1953-05-15 
1, 1953-05-16 
1, 1953-05-17 
1, 1953-05-18 
1, 1953-05-19 
1, 1953-05-21 
1, 1953-05-22 
1, 1953-05-23 
1, 1953-05-25 
1, 1953-05-26 
1, 1953-05-27 
1, 1953-05-29 
1, 1953-05-30 
1, 1953-05-31 
1, 1953-06-01 
1, 1953-06-02 
1, 1953-06-03 
1, 1953-06-04 
1, 1953-06-05 
1, 1953-06-07 
1, 1953-06-11 
1, 1953-06-12 
1, 1953-06-13 
1, 1953-06-14 
1, 1953-06-15 
1, 1953-06-16 
1, 1953-06-17 
1, 1953-06-19 
1, 1953-06-22 
1, 1953-06-23 
1, 1953-06-24 
1, 1953-06-27 
1, 1953-06-28 
1, 1953-07-02 
1, 1953-07-03 
1, 1953-07-06 
1, 1953-07-07 
1, 1953-07-08 
1, 1953-07-09 
1, 1953-07-11 
1, 1953-07-12 
1, 1953-07-13 
1, 1953-07-14 
1, 1953-07-15 
1, 1953-07-16 
1, 1953-07-17 
1, 1953-07-18 
1, 1953-07-19 
1, 1953-07-20 
1, 1953-07-21 
1, 1953-07-22 
1, 1953-07-23 
1, 1953-07-25 
1, 1953-07-26 
1, 1953-07-27 
1, 1953-07-29 
1, 1953-07-31 
1, 1953-08-02 
1, 1953-08-03 
1, 1953-08-04 
1, 1953-08-05 
1, 1953-08-13 
1, 1953-08-15 
1, 1953-08-16 
1, 1953-08-18 
1, 1953-08-19 
1, 1953-08-20 
1, 1953-08-21 
1, 1953-08-22 
1, 1953-08-23 
1, 1953-08-24 
1, 1953-08-25 
1, 1953-08-28 
1, 1953-08-29 
1, 1953-08-30 
1, 1953-08-31 
1, 1953-09-02 
1, 1953-09-03 
1, 1953-09-10 
1, 1953-09-11 
1, 1953-09-16 
1, 1953-09-17 
1, 1953-09-19 
1, 1953-09-20 
1, 1953-09-21 
1, 1953-09-22 
1, 1953-09-23 
1, 1953-09-27 
1, 1953-09-28 
1, 1953-09-29 
1, 1953-09-30 
1, 1953-10-04 
1, 1953-10-06 
1, 1953-10-12 
1, 1953-10-13 
1, 1953-10-14 
1, 1953-10-17 
1, 1953-10-18 
1, 1953-10-19 
1, 1953-10-20 
1, 1953-10-21 
1, 1953-10-23 
1, 1953-10-25 
1, 1953-10-27 
1, 1953-10-28 
1, 1953-10-29 
1, 1953-10-30 
1, 1953-10-31 
1, 1953-11-01 
1, 1953-11-02 
1, 1953-11-04 
1, 1953-11-05 
1, 1953-11-07 
1, 1953-11-08 
1, 1953-11-09 
1, 1953-11-13 
1, 1953-11-14 
1, 1953-11-15 
1, 1953-11-23 
1, 1953-11-24 
1, 1953-11-25 
1, 1953-12-02 
1, 1953-12-04 
1, 1953-12-05 
1, 1953-12-06 
1, 1953-12-07 
1, 1953-12-08 
1, 1953-12-09 
1, 1953-12-10 
1, 1953-12-13 
1, 1953-12-14 
1, 1953-12-15 
1, 1953-12-16 
1, 1953-12-17 
1, 1953-12-18 
1, 1953-12-19 
1, 1953-12-20 
1, 1953-12-21 
1, 1953-12-22 
1, 1953-12-23 
1, 1953-12-24 
1, 1953-12-25 
1, 1953-12-26 
1, 1953-12-29 
1, 1953-12-30 
1, 1953-12-31 
1, 1954-01-02 
1, 1954-01-03 
1, 1954-01-04 
1, 1954-01-05 
1, 1954-01-06 
1, 1954-01-07 
1, 1954-01-08 
1, 1954-01-09 
1, 1954-01-10 
1, 1954-01-13 
1, 1954-01-14 
1, 1954-01-15 
1, 1954-01-19 
1, 1954-01-20 
1, 1954-01-21 
1, 1954-02-07 
1, 1954-02-10 
1, 1954-02-12 
1, 1954-02-13 
1, 1954-02-15 
1, 1954-02-16 
1, 1954-02-17 
1, 1954-02-18 
1, 1954-02-19 
1, 1954-02-20 
1, 1954-02-21 
1, 1954-02-22 
1, 1954-02-23 
1, 1954-02-25 
1, 1954-02-26 
1, 1954-02-27 
1, 1954-02-28 
1, 1954-03-03 
1, 1954-03-04 
1, 1954-03-06 
1, 1954-03-07 
1, 1954-03-09 
1, 1954-03-10 
1, 1954-03-15 
1, 1954-03-18 
1, 1954-03-19 
1, 1954-03-20 
1, 1954-03-21 
1, 1954-03-22 
1, 1954-03-25 
1, 1954-03-26 
1, 1954-03-28 
1, 1954-03-29 
1, 1954-03-30 
1, 1954-03-31 
1, 1954-04-01 
1, 1954-04-02 
1, 1954-04-03 
1, 1954-04-04 
1, 1954-04-05 
1, 1954-04-06 
1, 1954-04-12 
1, 1954-04-15 
1, 1954-04-18 
1, 1954-04-24 
1, 1954-04-25 
1, 1954-04-28 
1, 1954-04-30 
1, 1954-05-01 
1, 1954-05-02 
1, 1954-05-03 
1, 1954-05-04 
1, 1954-05-05 
1, 1954-05-06 
1, 1954-05-15 
1, 1954-05-16 
1, 1954-05-17 
1, 1954-05-18 
1, 1954-05-19 
1, 1954-05-20 
1, 1954-05-21 
1, 1954-05-22 
1, 1954-05-24 
1, 1954-05-25 
1, 1954-05-26 
1, 1954-05-28 
1, 1954-05-29 
1, 1954-05-30 
1, 1954-05-31 
1, 1954-06-01 
1, 1954-06-02 
1, 1954-06-03 
1, 1954-06-04 
1, 1954-06-06 
1, 1954-06-07 
1, 1954-06-08 
1, 1954-06-09 
1, 1954-06-10 
1, 1954-06-11 
1, 1954-06-12 
1, 1954-06-13 
1, 1954-06-14 
1, 1954-06-16 
1, 1954-06-17 
1, 1954-06-18 
1, 1954-06-19 
1, 1954-06-21 
1, 1954-06-22 
1, 1954-06-23 
1, 1954-06-24 
1, 1954-06-25 
1, 1954-06-26 
1, 1954-06-28 
1, 1954-06-29 
1, 1954-06-30 
1, 1954-07-01 
1, 1954-07-02 
1, 1954-07-03 
1, 1954-07-04 
1, 1954-07-05 
1, 1954-07-06 
1, 1954-07-07 
1, 1954-07-08 
1, 1954-07-09 
1, 1954-07-10 
1, 1954-07-13 
1, 1954-07-14 
1, 1954-07-15 
1, 1954-07-16 
1, 1954-07-17 
1, 1954-07-18 
1, 1954-07-20 
1, 1954-07-21 
1, 1954-07-22 
1, 1954-07-23 
1, 1954-07-24 
1, 1954-07-25 
1, 1954-07-26 
1, 1954-07-27 
1, 1954-07-28 
1, 1954-08-01 
1, 1954-08-02 
1, 1954-08-03 
1, 1954-08-05 
1, 1954-08-06 
1, 1954-08-07 
1, 1954-08-09 
1, 1954-08-10 
1, 1954-08-12 
1, 1954-08-13 
1, 1954-08-16 
1, 1954-08-17 
1, 1954-08-18 
1, 1954-08-19 
1, 1954-08-20 
1, 1954-08-21 
1, 1954-08-22 
1, 1954-08-23 
1, 1954-08-24 
1, 1954-08-25 
1, 1954-08-28 
1, 1954-08-29 
1, 1954-08-30 
1, 1954-08-31 
1, 1954-09-04 
1, 1954-09-05 
1, 1954-09-06 
1, 1954-09-08 
1, 1954-09-09 
1, 1954-09-10 
1, 1954-09-11 
1, 1954-09-12 
1, 1954-09-13 
1, 1954-09-14 
1, 1954-09-15 
1, 1954-09-16 
1, 1954-09-17 
1, 1954-09-19 
1, 1954-09-20 
1, 1954-09-21 
1, 1954-09-23 
1, 1954-09-24 
1, 1954-09-26 
1, 1954-09-27 
1, 1954-09-28 
1, 1954-09-29 
1, 1954-09-30 
1, 1954-10-01 
1, 1954-10-03 
1, 1954-10-04 
1, 1954-10-05 
1, 1954-10-06 
1, 1954-10-08 
1, 1954-10-10 
1, 1954-10-13 
1, 1954-10-14 
1, 1954-10-15 
1, 1954-10-16 
1, 1954-10-17 
1, 1954-10-18 
1, 1954-10-19 
1, 1954-10-21 
1, 1954-10-22 
1, 1954-10-23 
1, 1954-10-24 
1, 1954-10-25 
1, 1954-10-26 
1, 1954-10-27 
1, 1954-10-29 
1, 1954-10-30 
1, 1954-10-31 
1, 1954-11-01 
1, 1954-11-02 
1, 1954-11-05 
1, 1954-11-06 
1, 1954-11-07 
1, 1954-11-08 
1, 1954-11-09 
1, 1954-11-10 
1, 1954-11-11 
1, 1954-11-12 
1, 1954-11-13 
1, 1954-11-16 
1, 1954-11-17 
1, 1954-11-18 
1, 1954-11-19 
1, 1954-11-20 
1, 1954-11-22 
1, 1954-11-23 
1, 1954-11-24 
1, 1954-11-25 
1, 1954-11-26 
1, 1954-11-27 
1, 1954-11-29 
1, 1954-11-30 
1, 1954-12-02 
1, 1954-12-03 
1, 1954-12-04 
1, 1954-12-07 
1, 1954-12-08 
1, 1954-12-09 
1, 1954-12-12 
1, 1954-12-13 
1, 1954-12-14 
1, 1954-12-16 
1, 1954-12-17 
1, 1954-12-18 
1, 1954-12-19 
1, 1954-12-20 
1, 1954-12-21 
1, 1954-12-22 
1, 1954-12-23 
1, 1954-12-24 
1, 1954-12-25 
1, 1954-12-26 
1, 1955-01-02 
1, 1955-01-03 
1, 1955-01-04 
1, 1955-01-05 
1, 1955-01-06 
1, 1955-01-10 
1, 1955-01-11 
1, 1955-01-15 
1, 1955-01-16 
1, 1955-01-21 
1, 1955-01-22 
1, 1955-01-23 
1, 1955-01-24 
1, 1955-01-25 
1, 1955-01-27 
1, 1955-01-30 
1, 1955-01-31 
1, 1955-02-01 
1, 1955-02-03 
1, 1955-02-04 
1, 1955-02-05 
1, 1955-02-06 
1, 1955-02-07 
1, 1955-02-08 
1, 1955-02-09 
1, 1955-02-10 
1, 1955-02-14 
1, 1955-03-05 
1, 1955-03-10 
1, 1955-03-11 
1, 1955-03-14 
1, 1955-03-16 
1, 1955-03-17 
1, 1955-03-18 
1, 1955-03-19 
1, 1955-03-21 
1, 1955-03-23 
1, 1955-03-24 
1, 1955-03-25 
1, 1955-03-26 
1, 1955-03-27 
1, 1955-04-02 
1, 1955-04-03 
1, 1955-04-04 
1, 1955-04-05 
1, 1955-04-06 
1, 1955-04-07 
1, 1955-04-08 
1, 1955-04-09 
1, 1955-04-10 
1, 1955-04-23 
1, 1955-04-24 
1, 1955-04-26 
1, 1955-04-27 
1, 1955-04-28 
1, 1955-04-29 
1, 1955-05-01 
1, 1955-05-02 
1, 1955-05-03 
1, 1955-05-04 
1, 1955-05-06 
1, 1955-05-08 
1, 1955-05-09 
1, 1955-05-10 
1, 1955-05-11 
1, 1955-05-12 
1, 1955-05-13 
1, 1955-05-14 
1, 1955-05-15 
1, 1955-05-16 
1, 1955-05-17 
1, 1955-05-18 
1, 1955-05-19 
1, 1955-05-20 
1, 1955-05-21 
1, 1955-05-23 
1, 1955-05-24 
1, 1955-06-04 
1, 1955-06-07 
1, 1955-06-08 
1, 1955-06-09 
1, 1955-06-10 
1, 1955-06-11 
1, 1955-06-12 
1, 1955-06-13 
1, 1955-06-14 
1, 1955-06-15 
1, 1955-06-16 
1, 1955-06-17 
1, 1955-06-19 
1, 1955-06-20 
1, 1955-06-24 
1, 1955-06-26 
1, 1955-06-28 
1, 1955-06-29 
1, 1955-07-01 
1, 1955-07-03 
1, 1955-07-04 
1, 1955-07-05 
1, 1955-07-08 
1, 1955-07-09 
1, 1955-07-10 
1, 1955-07-13 
1, 1955-07-15 
1, 1955-07-20 
1, 1955-07-23 
1, 1955-07-24 
1, 1955-07-25 
1, 1955-07-27 
1, 1955-07-28 
1, 1955-08-02 
1, 1955-08-03 
1, 1955-08-06 
1, 1955-08-07 
1, 1955-08-09 
1, 1955-08-11 
1, 1955-08-12 
1, 1955-08-13 
1, 1955-08-14 
1, 1955-08-17 
1, 1955-08-18 
1, 1955-08-26 
1, 1955-08-28 
1, 1955-08-29 
1, 1955-08-30 
1, 1955-09-01 
1, 1955-09-02 
1, 1955-09-05 
1, 1955-09-08 
1, 1955-09-09 
1, 1955-09-11 
1, 1955-09-12 
1, 1955-09-13 
1, 1955-09-15 
1, 1955-09-16 
1, 1955-09-21 
1, 1955-09-22 
1, 1955-09-23 
1, 1955-09-25 
1, 1955-10-03 
1, 1955-10-04 
1, 1955-10-05 
1, 1955-10-06 
1, 1955-10-08 
1, 1955-10-15 
1, 1955-10-19 
1, 1955-10-20 
1, 1955-10-21 
1, 1955-10-22 
1, 1955-10-23 
1, 1955-10-24 
1, 1955-10-26 
1, 1955-10-27 
1, 1955-10-28 
1, 1955-10-29 
1, 1955-10-30 
1, 1955-11-02 
1, 1955-11-03 
1, 1955-11-04 
1, 1955-11-06 
1, 1955-11-07 
1, 1955-11-08 
1, 1955-11-09 
1, 1955-11-10 
1, 1955-11-11 
1, 1955-11-13 
1, 1955-11-14 
1, 1955-11-15 
1, 1955-11-16 
1, 1955-11-19 
1, 1955-11-20 
1, 1955-11-21 
1, 1955-11-23 
1, 1955-11-24 
1, 1955-11-25 
1, 1955-11-26 
1, 1955-11-28 
1, 1955-11-29 
1, 1955-12-01 
1, 1955-12-02 
1, 1955-12-03 
1, 1955-12-07 
1, 1955-12-09 
1, 1955-12-10 
1, 1955-12-11 
1, 1955-12-13 
1, 1955-12-14 
1, 1955-12-15 
1, 1955-12-16 
1, 1955-12-17 
1, 1955-12-18 
1, 1955-12-20 
1, 1955-12-21 
1, 1955-12-22 
1, 1955-12-23 
1, 1955-12-25 
1, 1955-12-26 
1, 1955-12-27 
1, 1955-12-30 
1, 1956-01-01 
1, 1956-01-02 
1, 1956-01-04 
1, 1956-01-07 
1, 1956-01-08 
1, 1956-01-09 
1, 1956-01-10 
1, 1956-01-11 
1, 1956-01-14 
1, 1956-01-15 
1, 1956-01-19 
1, 1956-01-20 
1, 1956-01-21 
1, 1956-01-22 
1, 1956-01-23 
1, 1956-01-26 
1, 1956-01-27 
1, 1956-01-28 
1, 1956-01-29 
1, 1956-01-30 
1, 1956-01-31 
1, 1956-02-04 
1, 1956-02-05 
1, 1956-02-06 
1, 1956-02-07 
1, 1956-02-08 
1, 1956-02-12 
1, 1956-02-13 
1, 1956-02-24 
1, 1956-02-26 
1, 1956-02-27 
1, 1956-02-28 
1, 1956-02-29 
1, 1956-03-01 
1, 1956-03-02 
1, 1956-03-03 
1, 1956-03-04 
1, 1956-03-06 
1, 1956-03-07 
1, 1956-03-14 
1, 1956-03-20 
1, 1956-03-21 
1, 1956-03-22 
1, 1956-03-29 
1, 1956-03-30 
1, 1956-04-01 
1, 1956-04-03 
1, 1956-04-04 
1, 1956-04-05 
1, 1956-04-07 
1, 1956-04-08 
1, 1956-04-10 
1, 1956-04-11 
1, 1956-04-12 
1, 1956-04-13 
1, 1956-04-14 
1, 1956-04-19 
1, 1956-04-25 
1, 1956-05-01 
1, 1956-05-04 
1, 1956-05-09 
1, 1956-05-10 
1, 1956-05-11 
1, 1956-05-18 
1, 1956-05-19 
1, 1956-05-24 
1, 1956-05-25 
1, 1956-05-29 
1, 1956-06-02 
1, 1956-06-03 
1, 1956-06-04 
1, 1956-06-06 
1, 1956-06-07 
1, 1956-06-08 
1, 1956-06-09 
1, 1956-06-10 
1, 1956-06-11 
1, 1956-06-12 
1, 1956-06-13 
1, 1956-06-14 
1, 1956-06-15 
1, 1956-06-16 
1, 1956-06-17 
1, 1956-06-18 
1, 1956-06-19 
1, 1956-06-22 
1, 1956-06-23 
1, 1956-06-25 
1, 1956-06-28 
1, 1956-06-29 
1, 1956-07-01 
1, 1956-07-02 
1, 1956-07-03 
1, 1956-07-04 
1, 1956-07-05 
1, 1956-07-07 
1, 1956-07-09 
1, 1956-07-13 
1, 1956-07-14 
1, 1956-07-15 
1, 1956-07-16 
1, 1956-07-17 
1, 1956-07-18 
1, 1956-07-19 
1, 1956-07-20 
1, 1956-07-21 
1, 1956-07-22 
1, 1956-07-23 
1, 1956-07-27 
1, 1956-07-28 
1, 1956-07-29 
1, 1956-07-30 
1, 1956-07-31 
1, 1956-08-01 
1, 1956-08-02 
1, 1956-08-03 
1, 1956-08-04 
1, 1956-08-05 
1, 1956-08-06 
1, 1956-08-07 
1, 1956-08-08 
1, 1956-08-09 
1, 1956-08-10 
1, 1956-08-11 
1, 1956-08-12 
1, 1956-08-13 
1, 1956-08-15 
1, 1956-08-16 
1, 1956-08-17 
1, 1956-08-18 
1, 1956-08-19 
1, 1956-08-20 
1, 1956-08-23 
1, 1956-08-24 
1, 1956-08-25 
1, 1956-08-26 
1, 1956-08-27 
1, 1956-08-28 
1, 1956-08-29 
1, 1956-08-31 
1, 1956-09-01 
1, 1956-09-02 
1, 1956-09-04 
1, 1956-09-05 
1, 1956-09-06 
1, 1956-09-07 
1, 1956-09-11 
1, 1956-09-12 
1, 1956-09-13 
1, 1956-09-14 
1, 1956-09-15 
1, 1956-09-21 
1, 1956-09-22 
1, 1956-09-26 
1, 1956-09-27 
1, 1956-09-28 
1, 1956-10-01 
1, 1956-10-02 
1, 1956-10-03 
1, 1956-10-04 
1, 1956-10-05 
1, 1956-10-06 
1, 1956-10-07 
1, 1956-10-08 
1, 1956-10-09 
1, 1956-10-10 
1, 1956-10-16 
1, 1956-10-17 
1, 1956-10-18 
1, 1956-10-19 
1, 1956-10-20 
1, 1956-10-24 
1, 1956-10-25 
1, 1956-10-26 
1, 1956-10-27 
1, 1956-10-28 
1, 1956-10-29 
1, 1956-10-30 
1, 1956-10-31 
1, 1956-11-01 
1, 1956-11-02 
1, 1956-11-03 
1, 1956-11-04 
1, 1956-11-05 
1, 1956-11-09 
1, 1956-11-10 
1, 1956-11-12 
1, 1956-11-13 
1, 1956-11-14 
1, 1956-11-15 
1, 1956-11-19 
1, 1956-11-20 
1, 1956-11-25 
1, 1956-11-26 
1, 1956-11-27 
1, 1956-11-28 
1, 1956-11-29 
1, 1956-11-30 
1, 1956-12-01 
1, 1956-12-05 
1, 1956-12-07 
1, 1956-12-08 
1, 1956-12-09 
1, 1956-12-10 
1, 1956-12-11 
1, 1956-12-12 
1, 1956-12-13 
1, 1956-12-14 
1, 1956-12-15 
1, 1956-12-16 
1, 1956-12-17 
1, 1956-12-22 
1, 1956-12-27 
1, 1956-12-28 
1, 1956-12-29 
1, 1956-12-30 
1, 1956-12-31 
1, 1957-01-01 
1, 1957-01-02 
1, 1957-01-03 
1, 1957-01-04 
1, 1957-01-05 
1, 1957-01-07 
1, 1957-01-08 
1, 1957-01-09 
1, 1957-01-10 
1, 1957-01-12 
1, 1957-01-13 
1, 1957-01-15 
1, 1957-01-16 
1, 1957-01-17 
1, 1957-01-18 
1, 1957-01-19 
1, 1957-01-21 
1, 1957-01-22 
1, 1957-01-24 
1, 1957-01-25 
1, 1957-01-26 
1, 1957-01-27 
1, 1957-01-29 
1, 1957-01-30 
1, 1957-01-31 
1, 1957-02-01 
1, 1957-02-02 
1, 1957-02-03 
1, 1957-02-04 
1, 1957-02-05 
1, 1957-02-06 
1, 1957-02-07 
1, 1957-02-08 
1, 1957-02-09 
1, 1957-02-10 
1, 1957-02-11 
1, 1957-02-12 
1, 1957-02-13 
1, 1957-02-14 
1, 1957-02-15 
1, 1957-02-19 
1, 1957-02-23 
1, 1957-02-24 
1, 1957-02-25 
1, 1957-02-26 
1, 1957-03-06 
1, 1957-03-07 
1, 1957-03-08 
1, 1957-03-09 
1, 1957-03-10 
1, 1957-03-14 
1, 1957-03-15 
1, 1957-03-16 
1, 1957-03-17 
1, 1957-03-18 
1, 1957-03-19 
1, 1957-03-20 
1, 1957-03-21 
1, 1957-03-23 
1, 1957-03-24 
1, 1957-03-25 
1, 1957-03-26 
1, 1957-03-27 
1, 1957-04-01 
1, 1957-04-02 
1, 1957-04-04 
1, 1957-04-05 
1, 1957-04-06 
1, 1957-04-07 
1, 1957-04-08 
1, 1957-04-09 
1, 1957-04-10 
1, 1957-04-11 
1, 1957-04-12 
1, 1957-04-13 
1, 1957-04-14 
1, 1957-04-16 
1, 1957-04-17 
1, 1957-04-18 
1, 1957-04-20 
1, 1957-04-22 
1, 1957-04-25 
1, 1957-05-01 
1, 1957-05-02 
1, 1957-05-04 
1, 1957-05-05 
1, 1957-05-06 
1, 1957-05-07 
1, 1957-05-08 
1, 1957-05-09 
1, 1957-05-10 
1, 1957-05-11 
1, 1957-05-12 
1, 1957-05-13 
1, 1957-05-14 
1, 1957-05-16 
1, 1957-05-17 
1, 1957-05-18 
1, 1957-05-19 
1, 1957-05-20 
1, 1957-05-21 
1, 1957-05-23 
1, 1957-05-24 
1, 1957-05-29 
1, 1957-06-03 
1, 1957-06-04 
1, 1957-06-05 
1, 1957-06-06 
1, 1957-06-07 
1, 1957-06-08 
1, 1957-06-09 
1, 1957-06-10 
1, 1957-06-11 
1, 1957-06-22 
1, 1957-06-23 
1, 1957-06-24 
1, 1957-06-25 
1, 1957-06-27 
1, 1957-06-29 
1, 1957-06-30 
1, 1957-07-01 
1, 1957-07-03 
1, 1957-07-04 
1, 1957-07-05 
1, 1957-07-06 
1, 1957-07-07 
1, 1957-07-08 
1, 1957-07-09 
1, 1957-07-10 
1, 1957-07-11 
1, 1957-07-12 
1, 1957-07-13 
1, 1957-07-14 
1, 1957-07-15 
1, 1957-07-16 
1, 1957-07-17 
1, 1957-07-18 
1, 1957-07-19 
1, 1957-07-20 
1, 1957-07-21 
1, 1957-07-22 
1, 1957-07-24 
1, 1957-07-25 
1, 1957-07-26 
1, 1957-07-27 
1, 1957-07-28 
1, 1957-08-06 
1, 1957-08-08 
1, 1957-08-09 
1, 1957-08-10 
1, 1957-08-11 
1, 1957-08-12 
1, 1957-08-13 
1, 1957-08-14 
1, 1957-08-15 
1, 1957-08-16 
1, 1957-08-17 
1, 1957-08-18 
1, 1957-08-19 
1, 1957-08-20 
1, 1957-08-23 
1, 1957-08-24 
1, 1957-08-25 
1, 1957-08-26 
1, 1957-08-27 
1, 1957-08-28 
1, 1957-08-30 
1, 1957-08-31 
1, 1957-09-01 
1, 1957-09-04 
1, 1957-09-05 
1, 1957-09-06 
1, 1957-09-07 
1, 1957-09-09 
1, 1957-09-10 
1, 1957-09-11 
1, 1957-09-12 
1, 1957-09-13 
1, 1957-09-14 
1, 1957-09-15 
1, 1957-09-16 
1, 1957-09-17 
1, 1957-09-18 
1, 1957-09-21 
1, 1957-09-22 
1, 1957-09-23 
1, 1957-09-24 
1, 1957-09-25 
1, 1957-09-28 
1, 1957-09-29 
1, 1957-09-30 
1, 1957-10-01 
1, 1957-10-03 
1, 1957-10-05 
1, 1957-10-10 
1, 1957-10-11 
1, 1957-10-16 
1, 1957-10-17 
1, 1957-10-18 
1, 1957-10-20 
1, 1957-10-21 
1, 1957-10-22 
1, 1957-10-23 
1, 1957-10-24 
1, 1957-10-25 
1, 1957-10-26 
1, 1957-10-28 
1, 1957-10-29 
1, 1957-10-30 
1, 1957-10-31 
1, 1957-11-01 
1, 1957-11-03 
1, 1957-11-04 
1, 1957-11-05 
1, 1957-11-08 
1, 1957-11-09 
1, 1957-11-10 
1, 1957-11-11 
1, 1957-11-12 
1, 1957-11-14 
1, 1957-11-15 
1, 1957-11-16 
1, 1957-11-17 
1, 1957-11-21 
1, 1957-11-22 
1, 1957-11-23 
1, 1957-11-28 
1, 1957-11-29 
1, 1957-11-30 
1, 1957-12-05 
1, 1957-12-06 
1, 1957-12-07 
1, 1957-12-08 
1, 1957-12-09 
1, 1957-12-10 
1, 1957-12-11 
1, 1957-12-12 
1, 1957-12-13 
1, 1957-12-18 
1, 1957-12-19 
1, 1957-12-20 
1, 1957-12-21 
1, 1957-12-22 
1, 1957-12-23 
1, 1957-12-24 
1, 1957-12-28 
1, 1957-12-29 
1, 1957-12-30 
1, 1957-12-31 
1, 1958-01-01 
1, 1958-01-04 
1, 1958-01-05 
1, 1958-01-06 
1, 1958-01-08 
1, 1958-01-09 
1, 1958-01-10 
1, 1958-01-11 
1, 1958-01-12 
1, 1958-01-13 
1, 1958-01-14 
1, 1958-01-15 
1, 1958-01-16 
1, 1958-01-17 
1, 1958-01-18 
1, 1958-01-20 
1, 1958-01-26 
1, 1958-01-27 
1, 1958-01-28 
1, 1958-01-29 
1, 1958-02-01 
1, 1958-02-02 
1, 1958-02-04 
1, 1958-02-05 
1, 1958-02-08 
1, 1958-02-09 
1, 1958-02-10 
1, 1958-02-11 
1, 1958-02-12 
1, 1958-02-13 
1, 1958-02-14 
1, 1958-02-15 
1, 1958-02-17 
1, 1958-02-19 
1, 1958-02-20 
1, 1958-02-21 
1, 1958-02-22 
1, 1958-02-23 
1, 1958-02-24 
1, 1958-02-25 
1, 1958-02-26 
1, 1958-02-27 
1, 1958-02-28 
1, 1958-03-01 
1, 1958-03-02 
1, 1958-03-05 
1, 1958-03-07 
1, 1958-03-08 
1, 1958-03-12 
1, 1958-03-13 
1, 1958-03-14 
1, 1958-03-24 
1, 1958-03-25 
1, 1958-03-26 
1, 1958-03-27 
1, 1958-03-28 
1, 1958-03-29 
1, 1958-03-30 
1, 1958-04-02 
1, 1958-04-03 
1, 1958-04-04 
1, 1958-04-05 
1, 1958-04-06 
1, 1958-04-07 
1, 1958-04-08 
1, 1958-04-09 
1, 1958-04-10 
1, 1958-04-11 
1, 1958-04-13 
1, 1958-04-14 
1, 1958-04-15 
1, 1958-04-16 
1, 1958-04-17 
1, 1958-04-18 
1, 1958-04-22 
1, 1958-04-24 
1, 1958-04-25 
1, 1958-04-26 
1, 1958-04-27 
1, 1958-04-28 
1, 1958-05-05 
1, 1958-05-06 
1, 1958-05-07 
1, 1958-05-08 
1, 1958-05-09 
1, 1958-05-10 
1, 1958-05-11 
1, 1958-05-12 
1, 1958-05-13 
1, 1958-05-14 
1, 1958-05-15 
1, 1958-05-16 
1, 1958-05-17 
1, 1958-05-18 
1, 1958-05-21 
1, 1958-05-22 
1, 1958-05-23 
1, 1958-05-24 
1, 1958-05-25 
1, 1958-05-26 
1, 1958-05-28 
1, 1958-05-29 
1, 1958-05-30 
1, 1958-05-31 
1, 1958-06-01 
1, 1958-06-02 
1, 1958-06-03 
1, 1958-06-06 
1, 1958-06-07 
1, 1958-06-08 
1, 1958-06-10 
1, 1958-06-11 
1, 1958-06-12 
1, 1958-06-17 
1, 1958-06-19 
1, 1958-06-20 
1, 1958-06-21 
1, 1958-06-22 
1, 1958-06-23 
1, 1958-06-24 
1, 1958-06-25 
1, 1958-06-26 
1, 1958-06-27 
1, 1958-06-28 
1, 1958-06-30 
1, 1958-07-01 
1, 1958-07-02 
1, 1958-07-03 
1, 1958-07-04 
1, 1958-07-05 
1, 1958-07-06 
1, 1958-07-11 
1, 1958-07-12 
1, 1958-07-13 
1, 1958-07-16 
1, 1958-07-20 
1, 1958-07-21 
1, 1958-07-22 
1, 1958-07-23 
1, 1958-07-25 
1, 1958-07-26 
1, 1958-07-27 
1, 1958-07-28 
1, 1958-07-29 
1, 1958-07-30 
1, 1958-08-01 
1, 1958-08-02 
1, 1958-08-03 
1, 1958-08-04 
1, 1958-08-05 
1, 1958-08-06 
1, 1958-08-07 
1, 1958-08-08 
1, 1958-08-09 
1, 1958-08-10 
1, 1958-08-12 
1, 1958-08-13 
1, 1958-08-15 
1, 1958-08-18 
1, 1958-08-19 
1, 1958-08-20 
1, 1958-08-21 
1, 1958-08-22 
1, 1958-08-24 
1, 1958-08-25 
1, 1958-08-28 
1, 1958-08-29 
1, 1958-08-31 
1, 1958-09-01 
1, 1958-09-04 
1, 1958-09-05 
1, 1958-09-07 
1, 1958-09-08 
1, 1958-09-15 
1, 1958-09-16 
1, 1958-09-18 
1, 1958-09-19 
1, 1958-09-20 
1, 1958-09-21 
1, 1958-09-22 
1, 1958-09-23 
1, 1958-09-24 
1, 1958-09-25 
1, 1958-09-28 
1, 1958-09-29 
1, 1958-09-30 
1, 1958-10-01 
1, 1958-10-02 
1, 1958-10-03 
1, 1958-10-04 
1, 1958-10-05 
1, 1958-10-07 
1, 1958-10-08 
1, 1958-10-10 
1, 1958-10-11 
1, 1958-10-13 
1, 1958-10-15 
1, 1958-10-16 
1, 1958-10-17 
1, 1958-10-18 
1, 1958-10-19 
1, 1958-10-20 
1, 1958-10-21 
1, 1958-10-22 
1, 1958-10-30 
1, 1958-11-01 
1, 1958-11-02 
1, 1958-11-05 
1, 1958-11-06 
1, 1958-11-07 
1, 1958-11-08 
1, 1958-11-09 
1, 1958-11-10 
1, 1958-11-11 
1, 1958-11-12 
1, 1958-11-18 
1, 1958-11-24 
1, 1958-11-26 
1, 1958-11-27 
1, 1958-11-28 
1, 1958-11-30 
1, 1958-12-01 
1, 1958-12-03 
1, 1958-12-05 
1, 1958-12-06 
1, 1958-12-08 
1, 1958-12-09 
1, 1958-12-10 
1, 1958-12-11 
1, 1958-12-12 
1, 1958-12-13 
1, 1958-12-14 
1, 1958-12-15 
1, 1958-12-16 
1, 1958-12-18 
1, 1958-12-19 
1, 1958-12-21 
1, 1958-12-22 
1, 1958-12-26 
1, 1958-12-27 
1, 1958-12-28 
1, 1958-12-29 
1, 1958-12-30 
1, 1958-12-31 
1, 1959-01-01 
1, 1959-01-02 
1, 1959-01-03 
1, 1959-01-04 
1, 1959-01-05 
1, 1959-01-06 
1, 1959-01-07 
1, 1959-01-08 
1, 1959-01-09 
1, 1959-01-12 
1, 1959-01-17 
1, 1959-01-18 
1, 1959-01-19 
1, 1959-01-20 
1, 1959-01-21 
1, 1959-01-22 
1, 1959-01-23 
1, 1959-01-30 
1, 1959-02-02 
1, 1959-02-10 
1, 1959-02-11 
1, 1959-02-12 
1, 1959-02-14 
1, 1959-02-15 
1, 1959-02-21 
1, 1959-02-22 
1, 1959-02-24 
1, 1959-03-02 
1, 1959-03-03 
1, 1959-03-04 
1, 1959-03-05 
1, 1959-03-06 
1, 1959-03-07 
1, 1959-03-08 
1, 1959-03-10 
1, 1959-03-11 
1, 1959-03-12 
1, 1959-03-14 
1, 1959-03-15 
1, 1959-03-16 
1, 1959-03-17 
1, 1959-03-18 
1, 1959-03-19 
1, 1959-03-22 
1, 1959-03-24 
1, 1959-03-25 
1, 1959-03-26 
1, 1959-03-27 
1, 1959-03-28 
1, 1959-03-29 
1, 1959-03-30 
1, 1959-04-01 
1, 1959-04-06 
1, 1959-04-07 
1, 1959-04-08 
1, 1959-04-09 
1, 1959-04-10 
1, 1959-04-11 
1, 1959-04-12 
1, 1959-04-14 
1, 1959-04-15 
1, 1959-04-16 
1, 1959-04-17 
1, 1959-04-18 
1, 1959-04-19 
1, 1959-04-20 
1, 1959-04-21 
1, 1959-04-25 
1, 1959-04-26 
1, 1959-04-27 
1, 1959-04-28 
1, 1959-05-01 
1, 1959-05-02 
1, 1959-05-03 
1, 1959-05-08 
1, 1959-05-11 
1, 1959-05-16 
1, 1959-05-17 
1, 1959-05-19 
1, 1959-05-20 
1, 1959-05-21 
1, 1959-05-25 
1, 1959-05-26 
1, 1959-05-29 
1, 1959-05-31 
1, 1959-06-01 
1, 1959-06-05 
1, 1959-06-06 
1, 1959-06-08 
1, 1959-06-09 
1, 1959-06-10 
1, 1959-06-11 
1, 1959-06-12 
1, 1959-06-15 
1, 1959-06-21 
1, 1959-06-22 
1, 1959-06-23 
1, 1959-06-25 
1, 1959-06-26 
1, 1959-06-27 
1, 1959-06-28 
1, 1959-06-29 
1, 1959-06-30 
1, 1959-07-01 
1, 1959-07-05 
1, 1959-07-09 
1, 1959-07-10 
1, 1959-07-11 
1, 1959-07-12 
1, 1959-07-13 
1, 1959-07-16 
1, 1959-07-17 
1, 1959-07-26 
1, 1959-07-27 
1, 1959-07-28 
1, 1959-07-29 
1, 1959-07-30 
1, 1959-07-31 
1, 1959-08-01 
1, 1959-08-03 
1, 1959-08-09 
1, 1959-08-10 
1, 1959-08-11 
1, 1959-08-12 
1, 1959-08-13 
1, 1959-08-14 
1, 1959-08-28 
1, 1959-08-29 
1, 1959-08-30 
1, 1959-09-01 
1, 1959-09-14 
1, 1959-09-15 
1, 1959-09-16 
1, 1959-09-17 
1, 1959-09-18 
1, 1959-09-19 
1, 1959-09-21 
1, 1959-09-26 
1, 1959-10-11 
1, 1959-10-12 
1, 1959-10-17 
1, 1959-10-18 
1, 1959-10-19 
1, 1959-10-20 
1, 1959-10-21 
1, 1959-10-22 
1, 1959-10-24 
1, 1959-10-26 
1, 1959-10-27 
1, 1959-10-28 
1, 1959-10-29 
1, 1959-10-30 
1, 1959-11-01 
1, 1959-11-03 
1, 1959-11-04 
1, 1959-11-05 
1, 1959-11-09 
1, 1959-11-13 
1, 1959-11-14 
1, 1959-11-15 
1, 1959-11-16 
1, 1959-11-17 
1, 1959-11-18 
1, 1959-11-19 
1, 1959-11-21 
1, 1959-11-24 
1, 1959-11-25 
1, 1959-11-26 
1, 1959-11-28 
1, 1959-11-29 
1, 1959-11-30 
1, 1959-12-02 
1, 1959-12-03 
1, 1959-12-04 
1, 1959-12-05 
1, 1959-12-06 
1, 1959-12-07 
1, 1959-12-08 
1, 1959-12-09 
1, 1959-12-10 
1, 1959-12-11 
1, 1959-12-12 
1, 1959-12-13 
1, 1959-12-14 
1, 1959-12-15 
1, 1959-12-16 
1, 1959-12-17 
1, 1959-12-18 
1, 1959-12-19 
1, 1959-12-20 
1, 1959-12-21 
1, 1959-12-22 
1, 1959-12-23 
1, 1959-12-24 
1, 1959-12-25 
1, 1959-12-26 
1, 1959-12-27 
1, 1959-12-28 
1, 1959-12-29 
1, 1959-12-31 
1, 1960-01-01 
1, 1960-01-03 
1, 1960-01-04 
1, 1960-01-05 
1, 1960-01-08 
1, 1960-01-10 
1, 1960-01-11 
1, 1960-01-16 
1, 1960-01-17 
1, 1960-01-18 
1, 1960-01-19 
1, 1960-01-21 
1, 1960-01-22 
1, 1960-01-23 
1, 1960-01-24 
1, 1960-01-25 
1, 1960-01-27 
1, 1960-01-28 
1, 1960-01-29 
1, 1960-01-30 
1, 1960-01-31 
1, 1960-02-01 
1, 1960-02-02 
1, 1960-02-03 
1, 1960-02-04 
1, 1960-02-06 
1, 1960-02-08 
1, 1960-02-10 
1, 1960-02-11 
1, 1960-02-12 
1, 1960-02-13 
1, 1960-02-19 
1, 1960-02-20 
1, 1960-02-24 
1, 1960-02-25 
1, 1960-02-26 
1, 1960-02-27 
1, 1960-03-01 
1, 1960-03-02 
1, 1960-03-03 
1, 1960-03-04 
1, 1960-03-09 
1, 1960-03-11 
1, 1960-03-12 
1, 1960-03-13 
1, 1960-03-14 
1, 1960-03-15 
1, 1960-03-18 
1, 1960-03-26 
1, 1960-03-27 
1, 1960-03-29 
1, 1960-03-30 
1, 1960-04-03 
1, 1960-04-04 
1, 1960-04-05 
1, 1960-04-06 
1, 1960-04-07 
1, 1960-04-08 
1, 1960-04-09 
1, 1960-04-10 
1, 1960-04-11 
1, 1960-04-12 
1, 1960-04-13 
1, 1960-04-14 
1, 1960-04-15 
1, 1960-04-24 
1, 1960-04-25 
1, 1960-04-26 
1, 1960-04-28 
1, 1960-05-01 
1, 1960-05-03 
1, 1960-05-05 
1, 1960-05-09 
1, 1960-05-12 
1, 1960-05-13 
1, 1960-05-14 
1, 1960-05-18 
1, 1960-05-19 
1, 1960-05-20 
1, 1960-05-21 
1, 1960-05-23 
1, 1960-05-24 
1, 1960-05-25 
1, 1960-06-06 
1, 1960-06-08 
1, 1960-06-09 
1, 1960-06-10 
1, 1960-06-11 
1, 1960-06-12 
1, 1960-06-13 
1, 1960-06-14 
1, 1960-06-16 
1, 1960-06-18 
1, 1960-06-23 
1, 1960-06-24 
1, 1960-06-26 
1, 1960-06-27 
1, 1960-06-28 
1, 1960-06-29 
1, 1960-06-30 
1, 1960-07-02 
1, 1960-07-04 
1, 1960-07-05 
1, 1960-07-06 
1, 1960-07-07 
1, 1960-07-09 
1, 1960-07-10 
1, 1960-07-11 
1, 1960-07-13 
1, 1960-07-14 
1, 1960-07-15 
1, 1960-07-17 
1, 1960-07-18 
1, 1960-07-19 
1, 1960-07-20 
1, 1960-07-21 
1, 1960-07-22 
1, 1960-07-23 
1, 1960-07-24 
1, 1960-07-25 
1, 1960-07-27 
1, 1960-07-28 
1, 1960-07-29 
1, 1960-07-30 
1, 1960-07-31 
1, 1960-08-01 
1, 1960-08-06 
1, 1960-08-08 
1, 1960-08-09 
1, 1960-08-11 
1, 1960-08-12 
1, 1960-08-14 
1, 1960-08-15 
1, 1960-08-18 
1, 1960-08-20 
1, 1960-08-21 
1, 1960-08-22 
1, 1960-08-24 
1, 1960-08-25 
1, 1960-08-27 
1, 1960-08-28 
1, 1960-08-29 
1, 1960-08-30 
1, 1960-08-31 
1, 1960-09-01 
1, 1960-09-02 
1, 1960-09-03 
1, 1960-09-04 
1, 1960-09-05 
1, 1960-09-06 
1, 1960-09-07 
1, 1960-09-09 
1, 1960-09-10 
1, 1960-09-14 
1, 1960-09-15 
1, 1960-09-16 
1, 1960-09-17 
1, 1960-09-19 
1, 1960-09-20 
1, 1960-09-21 
1, 1960-09-22 
1, 1960-09-23 
1, 1960-09-28 
1, 1960-10-01 
1, 1960-10-02 
1, 1960-10-03 
1, 1960-10-04 
1, 1960-10-05 
1, 1960-10-06 
1, 1960-10-07 
1, 1960-10-08 
1, 1960-10-09 
1, 1960-10-10 
1, 1960-10-11 
1, 1960-10-12 
1, 1960-10-14 
1, 1960-10-15 
1, 1960-10-17 
1, 1960-10-18 
1, 1960-10-19 
1, 1960-10-20 
1, 1960-10-21 
1, 1960-10-22 
1, 1960-10-24 
1, 1960-10-25 
1, 1960-10-26 
1, 1960-10-27 
1, 1960-10-28 
1, 1960-10-29 
1, 1960-10-30 
1, 1960-10-31 
1, 1960-11-01 
1, 1960-11-02 
1, 1960-11-03 
1, 1960-11-04 
1, 1960-11-05 
1, 1960-11-06 
1, 1960-11-07 
1, 1960-11-08 
1, 1960-11-10 
1, 1960-11-11 
1, 1960-11-12 
1, 1960-11-13 
1, 1960-11-14 
1, 1960-11-15 
1, 1960-11-17 
1, 1960-11-18 
1, 1960-11-19 
1, 1960-11-20 
1, 1960-11-21 
1, 1960-11-22 
1, 1960-11-23 
1, 1960-11-24 
1, 1960-11-25 
1, 1960-11-26 
1, 1960-11-27 
1, 1960-11-29 
1, 1960-11-30 
1, 1960-12-01 
1, 1960-12-02 
1, 1960-12-03 
1, 1960-12-04 
1, 1960-12-06 
1, 1960-12-07 
1, 1960-12-08 
1, 1960-12-09 
1, 1960-12-10 
1, 1960-12-12 
1, 1960-12-13 
1, 1960-12-14 
1, 1960-12-15 
1, 1960-12-17 
1, 1960-12-18 
1, 1960-12-19 
1, 1960-12-20 
1, 1960-12-21 
1, 1960-12-23 
1, 1960-12-24 
1, 1960-12-25 
1, 1960-12-26 
1, 1960-12-28 
1, 1960-12-29 
1, 1960-12-30 
1, 1961-01-01 
1, 1961-01-02 
1, 1961-01-03 
1, 1961-01-04 
1, 1961-01-05 
1, 1961-01-06 
1, 1961-01-07 
1, 1961-01-08 
1, 1961-01-09 
1, 1961-01-10 
1, 1961-01-11 
1, 1961-01-12 
1, 1961-01-13 
1, 1961-01-19 
1, 1961-01-20 
1, 1961-01-21 
1, 1961-01-22 
1, 1961-01-23 
1, 1961-01-24 
1, 1961-01-27 
1, 1961-01-28 
1, 1961-01-29 
1, 1961-01-31 
1, 1961-02-01 
1, 1961-02-02 
1, 1961-02-04 
1, 1961-02-05 
1, 1961-02-06 
1, 1961-02-07 
1, 1961-02-08 
1, 1961-02-09 
1, 1961-02-10 
1, 1961-02-11 
1, 1961-02-12 
1, 1961-02-16 
1, 1961-02-17 
1, 1961-02-22 
1, 1961-02-24 
1, 1961-02-25 
1, 1961-02-26 
1, 1961-02-27 
1, 1961-02-28 
1, 1961-03-02 
1, 1961-03-07 
1, 1961-03-12 
1, 1961-03-13 
1, 1961-03-18 
1, 1961-03-19 
1, 1961-03-20 
1, 1961-03-21 
1, 1961-03-22 
1, 1961-03-29 
1, 1961-03-30 
1, 1961-03-31 
1, 1961-04-01 
1, 1961-04-02 
1, 1961-04-03 
1, 1961-04-04 
1, 1961-04-05 
1, 1961-04-06 
1, 1961-04-07 
1, 1961-04-12 
1, 1961-04-13 
1, 1961-04-14 
1, 1961-04-19 
1, 1961-04-20 
1, 1961-04-21 
1, 1961-04-22 
1, 1961-04-23 
1, 1961-04-24 
1, 1961-04-26 
1, 1961-04-27 
1, 1961-04-28 
1, 1961-04-30 
1, 1961-05-01 
1, 1961-05-02 
1, 1961-05-03 
1, 1961-05-04 
1, 1961-05-05 
1, 1961-05-06 
1, 1961-05-07 
1, 1961-05-08 
1, 1961-05-09 
1, 1961-05-19 
1, 1961-05-20 
1, 1961-05-21 
1, 1961-05-26 
1, 1961-05-27 
1, 1961-05-28 
1, 1961-05-29 
1, 1961-05-30 
1, 1961-05-31 
1, 1961-06-01 
1, 1961-06-07 
1, 1961-06-08 
1, 1961-06-10 
1, 1961-06-11 
1, 1961-06-12 
1, 1961-06-13 
1, 1961-06-15 
1, 1961-06-16 
1, 1961-06-18 
1, 1961-06-20 
1, 1961-06-22 
1, 1961-06-26 
1, 1961-06-27 
1, 1961-07-02 
1, 1961-07-03 
1, 1961-07-04 
1, 1961-07-07 
1, 1961-07-08 
1, 1961-07-09 
1, 1961-07-10 
1, 1961-07-11 
1, 1961-07-12 
1, 1961-07-13 
1, 1961-07-14 
1, 1961-07-15 
1, 1961-07-16 
1, 1961-07-17 
1, 1961-07-18 
1, 1961-07-19 
1, 1961-07-22 
1, 1961-07-27 
1, 1961-07-28 
1, 1961-07-29 
1, 1961-08-02 
1, 1961-08-03 
1, 1961-08-04 
1, 1961-08-05 
1, 1961-08-06 
1, 1961-08-08 
1, 1961-08-09 
1, 1961-08-10 
1, 1961-08-11 
1, 1961-08-13 
1, 1961-08-14 
1, 1961-08-15 
1, 1961-08-16 
1, 1961-08-17 
1, 1961-08-18 
1, 1961-08-19 
1, 1961-08-20 
1, 1961-08-21 
1, 1961-08-22 
1, 1961-08-24 
1, 1961-08-25 
1, 1961-08-26 
1, 1961-09-01 
1, 1961-09-03 
1, 1961-09-04 
1, 1961-09-05 
1, 1961-09-06 
1, 1961-09-07 
1, 1961-09-10 
1, 1961-09-11 
1, 1961-09-12 
1, 1961-09-13 
1, 1961-09-14 
1, 1961-09-15 
1, 1961-09-17 
1, 1961-09-20 
1, 1961-09-24 
1, 1961-09-27 
1, 1961-09-28 
1, 1961-09-30 
1, 1961-10-04 
1, 1961-10-05 
1, 1961-10-06 
1, 1961-10-07 
1, 1961-10-08 
1, 1961-10-09 
1, 1961-10-10 
1, 1961-10-16 
1, 1961-10-17 
1, 1961-10-18 
1, 1961-10-19 
1, 1961-10-20 
1, 1961-10-22 
1, 1961-10-23 
1, 1961-10-24 
1, 1961-10-25 
1, 1961-10-26 
1, 1961-10-27 
1, 1961-10-31 
1, 1961-11-01 
1, 1961-11-02 
1, 1961-11-03 
1, 1961-11-04 
1, 1961-11-05 
1, 1961-11-06 
1, 1961-11-07 
1, 1961-11-08 
1, 1961-11-10 
1, 1961-11-11 
1, 1961-11-12 
1, 1961-11-13 
1, 1961-11-14 
1, 1961-11-17 
1, 1961-11-18 
1, 1961-11-19 
1, 1961-11-22 
1, 1961-11-23 
1, 1961-11-25 
1, 1961-11-27 
1, 1961-11-28 
1, 1961-11-29 
1, 1961-11-30 
1, 1961-12-01 
1, 1961-12-02 
1, 1961-12-03 
1, 1961-12-04 
1, 1961-12-05 
1, 1961-12-06 
1, 1961-12-08 
1, 1961-12-09 
1, 1961-12-10 
1, 1961-12-11 
1, 1961-12-12 
1, 1961-12-13 
1, 1961-12-19 
1, 1961-12-20 
1, 1961-12-21 
1, 1961-12-22 
1, 1961-12-23 
1, 1961-12-26 
1, 1961-12-29 
1, 1961-12-30 
1, 1961-12-31 
1, 1962-01-01 
1, 1962-01-02 
1, 1962-01-03 
1, 1962-01-04 
1, 1962-01-05 
1, 1962-01-06 
1, 1962-01-07 
1, 1962-01-08 
1, 1962-01-09 
1, 1962-01-10 
1, 1962-01-11 
1, 1962-01-12 
1, 1962-01-13 
1, 1962-01-14 
1, 1962-01-15 
1, 1962-01-16 
1, 1962-01-19 
1, 1962-01-20 
1, 1962-01-21 
1, 1962-01-22 
1, 1962-01-23 
1, 1962-01-24 
1, 1962-01-25 
1, 1962-01-26 
1, 1962-01-31 
1, 1962-02-01 
1, 1962-02-03 
1, 1962-02-04 
1, 1962-02-05 
1, 1962-02-06 
1, 1962-02-07 
1, 1962-02-08 
1, 1962-02-09 
1, 1962-02-10 
1, 1962-02-11 
1, 1962-02-12 
1, 1962-02-13 
1, 1962-02-14 
1, 1962-02-15 
1, 1962-02-16 
1, 1962-02-21 
1, 1962-02-24 
1, 1962-03-02 
1, 1962-03-08 
1, 1962-03-09 
1, 1962-03-10 
1, 1962-03-11 
1, 1962-03-18 
1, 1962-03-20 
1, 1962-03-21 
1, 1962-03-22 
1, 1962-03-23 
1, 1962-03-24 
1, 1962-03-25 
1, 1962-03-26 
1, 1962-03-27 
1, 1962-03-28 
1, 1962-03-29 
1, 1962-03-30 
1, 1962-03-31 
1, 1962-04-01 
1, 1962-04-02 
1, 1962-04-03 
1, 1962-04-04 
1, 1962-04-05 
1, 1962-04-06 
1, 1962-04-07 
1, 1962-04-08 
1, 1962-04-09 
1, 1962-04-10 
1, 1962-04-11 
1, 1962-04-13 
1, 1962-04-15 
1, 1962-04-16 
1, 1962-04-17 
1, 1962-04-18 
1, 1962-04-20 
1, 1962-04-21 
1, 1962-04-22 
1, 1962-04-23 
1, 1962-04-24 
1, 1962-04-26 
1, 1962-04-27 
1, 1962-04-28 
1, 1962-04-29 
1, 1962-04-30 
1, 1962-05-02 
1, 1962-05-04 
1, 1962-05-05 
1, 1962-05-06 
1, 1962-05-07 
1, 1962-05-08 
1, 1962-05-09 
1, 1962-05-10 
1, 1962-05-11 
1, 1962-05-12 
1, 1962-05-13 
1, 1962-05-14 
1, 1962-05-15 
1, 1962-05-16 
1, 1962-05-17 
1, 1962-05-19 
1, 1962-05-20 
1, 1962-05-21 
1, 1962-05-22 
1, 1962-05-23 
1, 1962-05-24 
1, 1962-05-25 
1, 1962-05-26 
1, 1962-05-27 
1, 1962-05-29 
1, 1962-05-30 
1, 1962-05-31 
1, 1962-06-01 
1, 1962-06-02 
1, 1962-06-09 
1, 1962-06-11 
1, 1962-06-13 
1, 1962-06-16 
1, 1962-06-18 
1, 1962-06-19 
1, 1962-06-20 
1, 1962-06-24 
1, 1962-06-25 
1, 1962-06-26 
1, 1962-06-27 
1, 1962-06-30 
1, 1962-07-01 
1, 1962-07-02 
1, 1962-07-03 
1, 1962-07-04 
1, 1962-07-05 
1, 1962-07-10 
1, 1962-07-11 
1, 1962-07-12 
1, 1962-07-14 
1, 1962-07-15 
1, 1962-07-16 
1, 1962-07-17 
1, 1962-07-18 
1, 1962-07-19 
1, 1962-07-20 
1, 1962-07-21 
1, 1962-07-22 
1, 1962-07-23 
1, 1962-07-24 
1, 1962-07-25 
1, 1962-07-26 
1, 1962-07-29 
1, 1962-07-30 
1, 1962-07-31 
1, 1962-08-01 
1, 1962-08-02 
1, 1962-08-03 
1, 1962-08-06 
1, 1962-08-07 
1, 1962-08-08 
1, 1962-08-09 
1, 1962-08-10 
1, 1962-08-11 
1, 1962-08-13 
1, 1962-08-14 
1, 1962-08-15 
1, 1962-08-16 
1, 1962-08-17 
1, 1962-08-20 
1, 1962-08-21 
1, 1962-08-22 
1, 1962-08-23 
1, 1962-08-24 
1, 1962-08-26 
1, 1962-08-27 
1, 1962-08-28 
1, 1962-09-02 
1, 1962-09-04 
1, 1962-09-05 
1, 1962-09-06 
1, 1962-09-07 
1, 1962-09-08 
1, 1962-09-10 
1, 1962-09-11 
1, 1962-09-12 
1, 1962-09-13 
1, 1962-09-14 
1, 1962-09-15 
1, 1962-09-16 
1, 1962-09-17 
1, 1962-09-18 
1, 1962-09-19 
1, 1962-09-20 
1, 1962-09-21 
1, 1962-09-25 
1, 1962-09-26 
1, 1962-09-28 
1, 1962-09-30 
1, 1962-10-01 
1, 1962-10-02 
1, 1962-10-10 
1, 1962-10-12 
1, 1962-10-13 
1, 1962-10-20 
1, 1962-10-25 
1, 1962-10-26 
1, 1962-10-27 
1, 1962-10-28 
1, 1962-10-29 
1, 1962-10-30 
1, 1962-10-31 
1, 1962-11-01 
1, 1962-11-02 
1, 1962-11-03 
1, 1962-11-04 
1, 1962-11-05 
1, 1962-11-07 
1, 1962-11-08 
1, 1962-11-09 
1, 1962-11-10 
1, 1962-11-12 
1, 1962-11-13 
1, 1962-11-14 
1, 1962-11-16 
1, 1962-11-17 
1, 1962-11-18 
1, 1962-11-19 
1, 1962-11-21 
1, 1962-11-23 
1, 1962-11-24 
1, 1962-11-25 
1, 1962-11-28 
1, 1962-11-30 
1, 1962-12-08 
1, 1962-12-09 
1, 1962-12-10 
1, 1962-12-11 
1, 1962-12-12 
1, 1962-12-13 
1, 1962-12-14 
1, 1962-12-15 
1, 1962-12-17 
1, 1962-12-18 
1, 1962-12-20 
1, 1962-12-21 
1, 1962-12-22 
1, 1962-12-26 
1, 1963-01-02 
1, 1963-01-03 
1, 1963-01-04 
1, 1963-01-05 
1, 1963-01-06 
1, 1963-01-26 
1, 1963-01-27 
1, 1963-01-28 
1, 1963-01-29 
1, 1963-01-30 
1, 1963-01-31 
1, 1963-02-06 
1, 1963-02-07 
1, 1963-02-08 
1, 1963-02-12 
1, 1963-03-05 
1, 1963-03-06 
1, 1963-03-07 
1, 1963-03-08 
1, 1963-03-09 
1, 1963-03-11 
1, 1963-03-12 
1, 1963-03-13 
1, 1963-03-14 
1, 1963-03-15 
1, 1963-03-16 
1, 1963-03-17 
1, 1963-03-18 
1, 1963-03-20 
1, 1963-03-22 
1, 1963-03-23 
1, 1963-03-24 
1, 1963-03-25 
1, 1963-03-26 
1, 1963-03-27 
1, 1963-03-28 
1, 1963-03-29 
1, 1963-03-30 
1, 1963-04-01 
1, 1963-04-02 
1, 1963-04-03 
1, 1963-04-04 
1, 1963-04-05 
1, 1963-04-06 
1, 1963-04-09 
1, 1963-04-10 
1, 1963-04-11 
1, 1963-04-12 
1, 1963-04-13 
1, 1963-04-14 
1, 1963-04-15 
1, 1963-04-16 
1, 1963-04-17 
1, 1963-04-18 
1, 1963-04-20 
1, 1963-04-21 
1, 1963-04-25 
1, 1963-04-27 
1, 1963-04-28 
1, 1963-04-30 
1, 1963-05-01 
1, 1963-05-02 
1, 1963-05-03 
1, 1963-05-05 
1, 1963-05-08 
1, 1963-05-09 
1, 1963-05-10 
1, 1963-05-11 
1, 1963-05-12 
1, 1963-05-13 
1, 1963-05-14 
1, 1963-05-17 
1, 1963-05-18 
1, 1963-05-19 
1, 1963-05-20 
1, 1963-05-21 
1, 1963-05-22 
1, 1963-05-23 
1, 1963-05-24 
1, 1963-05-28 
1, 1963-05-29 
1, 1963-05-30 
1, 1963-06-05 
1, 1963-06-06 
1, 1963-06-10 
1, 1963-06-11 
1, 1963-06-12 
1, 1963-06-13 
1, 1963-06-14 
1, 1963-06-16 
1, 1963-06-17 
1, 1963-06-18 
1, 1963-06-19 
1, 1963-06-20 
1, 1963-06-21 
1, 1963-06-22 
1, 1963-06-24 
1, 1963-06-25 
1, 1963-06-26 
1, 1963-06-28 
1, 1963-06-29 
1, 1963-06-30 
1, 1963-07-01 
1, 1963-07-02 
1, 1963-07-03 
1, 1963-07-04 
1, 1963-07-05 
1, 1963-07-06 
1, 1963-07-07 
1, 1963-07-08 
1, 1963-07-10 
1, 1963-07-12 
1, 1963-07-13 
1, 1963-07-14 
1, 1963-07-15 
1, 1963-07-16 
1, 1963-07-17 
1, 1963-07-18 
1, 1963-07-23 
1, 1963-07-24 
1, 1963-07-25 
1, 1963-08-02 
1, 1963-08-03 
1, 1963-08-04 
1, 1963-08-05 
1, 1963-08-07 
1, 1963-08-08 
1, 1963-08-09 
1, 1963-08-10 
1, 1963-08-11 
1, 1963-08-12 
1, 1963-08-14 
1, 1963-08-16 
1, 1963-08-17 
1, 1963-08-18 
1, 1963-08-19 
1, 1963-08-20 
1, 1963-08-21 
1, 1963-08-22 
1, 1963-08-24 
1, 1963-08-25 
1, 1963-08-26 
1, 1963-08-27 
1, 1963-08-28 
1, 1963-08-30 
1, 1963-08-31 
1, 1963-09-01 
1, 1963-09-02 
1, 1963-09-03 
1, 1963-09-04 
1, 1963-09-05 
1, 1963-09-06 
1, 1963-09-07 
1, 1963-09-08 
1, 1963-09-11 
1, 1963-09-18 
1, 1963-09-21 
1, 1963-09-22 
1, 1963-09-24 
1, 1963-09-25 
1, 1963-09-26 
1, 1963-09-28 
1, 1963-09-29 
1, 1963-09-30 
1, 1963-10-01 
1, 1963-10-02 
1, 1963-10-03 
1, 1963-10-04 
1, 1963-10-05 
1, 1963-10-06 
1, 1963-10-07 
1, 1963-10-08 
1, 1963-10-15 
1, 1963-10-16 
1, 1963-10-17 
1, 1963-10-19 
1, 1963-10-20 
1, 1963-10-21 
1, 1963-10-22 
1, 1963-10-23 
1, 1963-10-25 
1, 1963-10-31 
1, 1963-11-01 
1, 1963-11-02 
1, 1963-11-03 
1, 1963-11-04 
1, 1963-11-05 
1, 1963-11-06 
1, 1963-11-07 
1, 1963-11-08 
1, 1963-11-10 
1, 1963-11-11 
1, 1963-11-12 
1, 1963-11-15 
1, 1963-11-16 
1, 1963-11-17 
1, 1963-11-18 
1, 1963-11-19 
1, 1963-11-20 
1, 1963-11-21 
1, 1963-11-23 
1, 1963-11-24 
1, 1963-11-25 
1, 1963-11-26 
1, 1963-11-28 
1, 1963-11-29 
1, 1963-11-30 
1, 1963-12-07 
1, 1963-12-10 
1, 1963-12-11 
1, 1963-12-12 
1, 1963-12-13 
1, 1963-12-14 
1, 1963-12-15 
1, 1963-12-16 
1, 1963-12-17 
1, 1963-12-18 
1, 1963-12-20 
1, 1963-12-22 
1, 1963-12-25 
1, 1963-12-26 
1, 1963-12-29 
1, 1963-12-31 
