tmin,date
3.9, 1963-12-31 
2.2, 1963-12-30 
1.7, 1963-12-29 
2.2, 1963-12-28 
-2.2, 1963-12-27 
-0.6, 1963-12-26 
-1.1, 1963-12-25 
-6.1, 1963-12-24 
-3.3, 1963-12-23 
0, 1963-12-22 
-2.8, 1963-12-21 
-1.7, 1963-12-20 
-0.6, 1963-12-19 
0, 1963-12-18 
0.6, 1963-12-17 
1.7, 1963-12-16 
-1.1, 1963-12-15 
0, 1963-12-14 
1.1, 1963-12-13 
1.1, 1963-12-12 
-0.6, 1963-12-11 
-0.6, 1963-12-10 
1.7, 1963-12-09 
3.3, 1963-12-08 
1.1, 1963-12-07 
2.8, 1963-12-06 
2.2, 1963-12-05 
4.4, 1963-12-04 
3.9, 1963-12-03 
6.1, 1963-12-02 
2.8, 1963-12-01 
4.4, 1963-11-30 
3.9, 1963-11-29 
-1.1, 1963-11-28 
-1.1, 1963-11-27 
5.6, 1963-11-26 
6.7, 1963-11-25 
7.8, 1963-11-24 
3.9, 1963-11-23 
3.3, 1963-11-22 
-2.8, 1963-11-21 
-0.6, 1963-11-20 
7.8, 1963-11-19 
8.9, 1963-11-18 
0, 1963-11-17 
0, 1963-11-16 
4.4, 1963-11-15 
0.6, 1963-11-14 
1.7, 1963-11-13 
5.6, 1963-11-12 
10.6, 1963-11-11 
8.3, 1963-11-10 
2.2, 1963-11-09 
5, 1963-11-08 
6.1, 1963-11-07 
7.8, 1963-11-06 
8.3, 1963-11-05 
7.8, 1963-11-04 
6.1, 1963-11-03 
8.9, 1963-11-02 
7.8, 1963-11-01 
9.4, 1963-10-31 
5.6, 1963-10-30 
5.6, 1963-10-29 
7.2, 1963-10-28 
7.8, 1963-10-27 
6.7, 1963-10-26 
8.9, 1963-10-25 
8.9, 1963-10-24 
7.8, 1963-10-23 
6.1, 1963-10-22 
8.9, 1963-10-21 
8.9, 1963-10-20 
8.3, 1963-10-19 
6.1, 1963-10-18 
8.3, 1963-10-17 
11.1, 1963-10-16 
5.6, 1963-10-15 
5.6, 1963-10-14 
7.2, 1963-10-13 
7.8, 1963-10-12 
9.4, 1963-10-11 
7.8, 1963-10-10 
6.1, 1963-10-09 
8.3, 1963-10-08 
8.3, 1963-10-07 
3.9, 1963-10-06 
5.6, 1963-10-05 
5.6, 1963-10-04 
3.9, 1963-10-03 
3.9, 1963-10-02 
6.1, 1963-10-01 
8.3, 1963-09-30 
10, 1963-09-29 
6.7, 1963-09-28 
7.2, 1963-09-27 
8.3, 1963-09-26 
6.1, 1963-09-25 
7.8, 1963-09-24 
12.2, 1963-09-23 
11.7, 1963-09-22 
12.8, 1963-09-21 
7.2, 1963-09-20 
7.2, 1963-09-19 
11.7, 1963-09-18 
8.9, 1963-09-17 
8.9, 1963-09-16 
5, 1963-09-15 
7.8, 1963-09-14 
3.3, 1963-09-13 
7.2, 1963-09-12 
9.4, 1963-09-11 
6.7, 1963-09-10 
7.2, 1963-09-09 
7.2, 1963-09-08 
7.2, 1963-09-07 
6.7, 1963-09-06 
7.2, 1963-09-05 
9.4, 1963-09-04 
10.6, 1963-09-03 
12.8, 1963-09-02 
11.7, 1963-09-01 
9.4, 1963-08-31 
7.2, 1963-08-30 
8.3, 1963-08-29 
9.4, 1963-08-28 
10.6, 1963-08-27 
11.7, 1963-08-26 
10, 1963-08-25 
11.7, 1963-08-24 
10.6, 1963-08-23 
8.9, 1963-08-22 
9.4, 1963-08-21 
7.8, 1963-08-20 
8.9, 1963-08-19 
10, 1963-08-18 
7.8, 1963-08-17 
7.8, 1963-08-16 
6.7, 1963-08-15 
10, 1963-08-14 
11.1, 1963-08-13 
10.6, 1963-08-12 
13.3, 1963-08-11 
10.6, 1963-08-10 
10.6, 1963-08-09 
12.2, 1963-08-08 
11.7, 1963-08-07 
11.1, 1963-08-06 
12.8, 1963-08-05 
15, 1963-08-04 
15, 1963-08-03 
10.6, 1963-08-02 
11.7, 1963-08-01 
11.1, 1963-07-31 
12.8, 1963-07-30 
9.4, 1963-07-29 
8.9, 1963-07-28 
8.9, 1963-07-27 
10, 1963-07-26 
11.7, 1963-07-25 
13.9, 1963-07-24 
13.3, 1963-07-23 
12.2, 1963-07-22 
8.9, 1963-07-21 
10, 1963-07-20 
14.4, 1963-07-19 
12.2, 1963-07-18 
11.1, 1963-07-17 
13.9, 1963-07-16 
15.6, 1963-07-15 
9.4, 1963-07-14 
11.1, 1963-07-13 
12.2, 1963-07-12 
8.9, 1963-07-11 
11.7, 1963-07-10 
12.2, 1963-07-09 
11.1, 1963-07-08 
11.7, 1963-07-07 
11.1, 1963-07-06 
10.6, 1963-07-05 
11.1, 1963-07-04 
10, 1963-07-03 
10.6, 1963-07-02 
11.7, 1963-07-01 
11.7, 1963-06-30 
11.1, 1963-06-29 
10, 1963-06-28 
9.4, 1963-06-27 
10, 1963-06-26 
11.1, 1963-06-25 
11.1, 1963-06-24 
10, 1963-06-23 
11.7, 1963-06-22 
13.9, 1963-06-21 
10.6, 1963-06-20 
8.3, 1963-06-19 
10, 1963-06-18 
13.9, 1963-06-17 
12.2, 1963-06-16 
9.4, 1963-06-15 
10, 1963-06-14 
11.7, 1963-06-13 
9.4, 1963-06-12 
9.4, 1963-06-11 
9.4, 1963-06-10 
10.6, 1963-06-09 
10.6, 1963-06-08 
11.7, 1963-06-07 
11.7, 1963-06-06 
8.9, 1963-06-05 
9.4, 1963-06-04 
10, 1963-06-03 
10, 1963-06-02 
11.7, 1963-06-01 
10, 1963-05-31 
8.3, 1963-05-30 
7.8, 1963-05-29 
7.2, 1963-05-28 
7.2, 1963-05-27 
7.8, 1963-05-26 
7.2, 1963-05-25 
6.7, 1963-05-24 
7.2, 1963-05-23 
7.2, 1963-05-22 
8.9, 1963-05-21 
3.9, 1963-05-20 
5.6, 1963-05-19 
7.2, 1963-05-18 
8.3, 1963-05-17 
6.1, 1963-05-16 
6.1, 1963-05-15 
7.2, 1963-05-14 
8.3, 1963-05-13 
6.1, 1963-05-12 
6.1, 1963-05-11 
7.8, 1963-05-10 
7.8, 1963-05-09 
8.3, 1963-05-08 
6.1, 1963-05-07 
3.9, 1963-05-06 
6.1, 1963-05-05 
3.3, 1963-05-04 
5, 1963-05-03 
4.4, 1963-05-02 
5.6, 1963-05-01 
6.1, 1963-04-30 
8.9, 1963-04-29 
12.8, 1963-04-28 
3.9, 1963-04-27 
3.9, 1963-04-26 
3.9, 1963-04-25 
3.9, 1963-04-24 
5.6, 1963-04-23 
8.3, 1963-04-22 
8.3, 1963-04-21 
7.2, 1963-04-20 
5, 1963-04-19 
6.1, 1963-04-18 
7.2, 1963-04-17 
6.7, 1963-04-16 
6.7, 1963-04-15 
4.4, 1963-04-14 
0.6, 1963-04-13 
2.2, 1963-04-12 
6.1, 1963-04-11 
8.3, 1963-04-10 
2.8, 1963-04-09 
2.2, 1963-04-08 
2.2, 1963-04-07 
3.3, 1963-04-06 
0.6, 1963-04-05 
1.7, 1963-04-04 
3.9, 1963-04-03 
6.1, 1963-04-02 
0, 1963-04-01 
2.2, 1963-03-31 
2.2, 1963-03-30 
2.8, 1963-03-29 
1.1, 1963-03-28 
1.7, 1963-03-27 
3.9, 1963-03-26 
4.4, 1963-03-25 
-0.6, 1963-03-24 
0.6, 1963-03-23 
0.6, 1963-03-22 
1.7, 1963-03-21 
1.7, 1963-03-20 
3.3, 1963-03-19 
6.1, 1963-03-18 
5, 1963-03-17 
6.7, 1963-03-16 
6.7, 1963-03-15 
7.2, 1963-03-14 
0.6, 1963-03-13 
2.8, 1963-03-12 
2.2, 1963-03-11 
5, 1963-03-09 
6.1, 1963-03-08 
7.8, 1963-03-07 
7.8, 1963-03-06 
2.2, 1963-03-05 
-0.6, 1963-03-04 
-2.2, 1963-03-03 
-2.2, 1963-03-02 
-1.7, 1963-03-01 
-2.2, 1963-02-28 
-3.9, 1963-02-27 
-4.4, 1963-02-26 
-3.9, 1963-02-25 
-4.4, 1963-02-24 
-3.9, 1963-02-23 
-6.1, 1963-02-22 
-2.2, 1963-02-21 
-2.2, 1963-02-20 
-1.7, 1963-02-19 
-1.7, 1963-02-18 
-1.1, 1963-02-17 
-1.1, 1963-02-16 
-1.1, 1963-02-15 
-2.8, 1963-02-14 
0, 1963-02-13 
0, 1963-02-12 
-1.1, 1963-02-11 
-2.2, 1963-02-10 
-1.1, 1963-02-09 
-1.1, 1963-02-08 
0, 1963-02-07 
-3.3, 1963-02-06 
-10, 1963-02-05 
-5.6, 1963-02-04 
-3.3, 1963-02-03 
-4.4, 1963-02-02 
-5.6, 1963-02-01 
-1.7, 1963-01-31 
-2.2, 1963-01-30 
1.1, 1963-01-29 
1.7, 1963-01-28 
1.7, 1963-01-27 
-2.8, 1963-01-26 
-11.1, 1963-01-25 
-8.9, 1963-01-24 
-7.8, 1963-01-23 
-6.1, 1963-01-22 
-6.1, 1963-01-21 
-3.9, 1963-01-20 
-4.4, 1963-01-19 
-3.9, 1963-01-18 
-4.4, 1963-01-17 
-3.9, 1963-01-16 
-2.2, 1963-01-15 
-2.8, 1963-01-14 
-6.1, 1963-01-13 
-5, 1963-01-12 
-4.4, 1963-01-11 
-1.7, 1963-01-10 
-2.8, 1963-01-09 
-2.2, 1963-01-08 
-1.7, 1963-01-07 
-0.6, 1963-01-06 
0, 1963-01-05 
0, 1963-01-04 
-1.7, 1963-01-03 
-2.8, 1963-01-02 
-1.7, 1963-01-01 
-0.6, 1962-12-31 
-1.1, 1962-12-30 
-2.2, 1962-12-29 
-1.1, 1962-12-28 
-0.6, 1962-12-27 
-3.9, 1962-12-26 
-3.3, 1962-12-25 
-2.8, 1962-12-24 
-3.3, 1962-12-23 
-2.2, 1962-12-22 
3.3, 1962-12-21 
-0.6, 1962-12-20 
-0.6, 1962-12-19 
2.2, 1962-12-18 
1.1, 1962-12-17 
2.2, 1962-12-16 
7.2, 1962-12-15 
0.6, 1962-12-14 
0.6, 1962-12-13 
0.6, 1962-12-12 
3.3, 1962-12-11 
3.3, 1962-12-10 
3.3, 1962-12-09 
4.4, 1962-12-08 
-2.8, 1962-12-07 
-0.6, 1962-12-06 
-5.6, 1962-12-05 
-3.9, 1962-12-04 
-2.2, 1962-12-03 
-1.1, 1962-12-02 
0.6, 1962-12-01 
3.9, 1962-11-30 
6.1, 1962-11-29 
5, 1962-11-28 
4.4, 1962-11-27 
3.3, 1962-11-26 
5.6, 1962-11-25 
4.4, 1962-11-24 
-2.8, 1962-11-23 
-1.1, 1962-11-22 
0, 1962-11-21 
-2.8, 1962-11-20 
-1.1, 1962-11-19 
3.3, 1962-11-18 
3.9, 1962-11-17 
-2.2, 1962-11-16 
0.6, 1962-11-15 
0.6, 1962-11-14 
4.4, 1962-11-13 
3.3, 1962-11-12 
4.4, 1962-11-11 
7.2, 1962-11-10 
9.4, 1962-11-09 
6.7, 1962-11-08 
6.1, 1962-11-07 
7.2, 1962-11-06 
8.9, 1962-11-05 
5, 1962-11-04 
6.1, 1962-11-03 
8.9, 1962-11-02 
0.6, 1962-11-01 
3.3, 1962-10-31 
3.9, 1962-10-30 
3.3, 1962-10-29 
3.9, 1962-10-28 
2.2, 1962-10-27 
6.1, 1962-10-26 
10, 1962-10-25 
7.8, 1962-10-24 
2.8, 1962-10-23 
5, 1962-10-22 
8.3, 1962-10-21 
8.3, 1962-10-20 
9.4, 1962-10-19 
7.2, 1962-10-18 
6.1, 1962-10-17 
7.2, 1962-10-16 
9.4, 1962-10-15 
8.3, 1962-10-14 
7.8, 1962-10-13 
10, 1962-10-12 
10.6, 1962-10-11 
10, 1962-10-10 
8.9, 1962-10-09 
9.4, 1962-10-08 
10.6, 1962-10-07 
8.3, 1962-10-06 
8.9, 1962-10-05 
6.7, 1962-10-04 
8.3, 1962-10-03 
12.8, 1962-10-02 
11.1, 1962-10-01 
11.1, 1962-09-30 
8.3, 1962-09-29 
10, 1962-09-28 
7.2, 1962-09-27 
11.1, 1962-09-26 
9.4, 1962-09-25 
8.3, 1962-09-24 
7.8, 1962-09-23 
9.4, 1962-09-22 
9.4, 1962-09-21 
9.4, 1962-09-20 
10, 1962-09-19 
7.8, 1962-09-18 
5.6, 1962-09-17 
7.2, 1962-09-16 
10.6, 1962-09-15 
7.8, 1962-09-14 
8.9, 1962-09-13 
10.6, 1962-09-12 
12.2, 1962-09-11 
11.7, 1962-09-10 
8.3, 1962-09-09 
8.3, 1962-09-08 
9.4, 1962-09-07 
10, 1962-09-06 
10.6, 1962-09-05 
11.1, 1962-09-04 
13.3, 1962-09-03 
10.6, 1962-09-02 
9.4, 1962-09-01 
10, 1962-08-31 
9.4, 1962-08-30 
10.6, 1962-08-29 
10, 1962-08-28 
11.7, 1962-08-27 
9.4, 1962-08-26 
9.4, 1962-08-25 
12.8, 1962-08-24 
11.1, 1962-08-23 
11.1, 1962-08-22 
11.1, 1962-08-21 
12.8, 1962-08-20 
10.6, 1962-08-19 
10, 1962-08-18 
11.1, 1962-08-17 
11.7, 1962-08-16 
14.4, 1962-08-15 
12.2, 1962-08-14 
11.7, 1962-08-13 
11.7, 1962-08-12 
13.9, 1962-08-11 
13.3, 1962-08-10 
8.3, 1962-08-09 
9.4, 1962-08-08 
10, 1962-08-07 
8.3, 1962-08-06 
8.9, 1962-08-05 
8.9, 1962-08-04 
11.7, 1962-08-03 
13.3, 1962-08-02 
11.7, 1962-08-01 
13.9, 1962-07-31 
12.8, 1962-07-30 
11.1, 1962-07-29 
9.4, 1962-07-28 
10.6, 1962-07-27 
11.7, 1962-07-26 
12.2, 1962-07-25 
12.2, 1962-07-24 
11.1, 1962-07-23 
11.7, 1962-07-22 
12.8, 1962-07-21 
11.7, 1962-07-20 
12.8, 1962-07-19 
7.2, 1962-07-18 
8.9, 1962-07-17 
10, 1962-07-16 
11.7, 1962-07-15 
9.4, 1962-07-14 
10, 1962-07-13 
11.7, 1962-07-12 
11.7, 1962-07-11 
10.6, 1962-07-10 
10.6, 1962-07-09 
9.4, 1962-07-08 
7.8, 1962-07-07 
9.4, 1962-07-06 
8.9, 1962-07-05 
9.4, 1962-07-04 
10.6, 1962-07-03 
12.8, 1962-07-02 
11.7, 1962-07-01 
6.7, 1962-06-30 
7.2, 1962-06-29 
10.6, 1962-06-28 
7.2, 1962-06-27 
8.9, 1962-06-26 
10, 1962-06-25 
12.8, 1962-06-24 
10.6, 1962-06-23 
12.8, 1962-06-22 
12.8, 1962-06-21 
10, 1962-06-20 
12.2, 1962-06-19 
12.2, 1962-06-18 
10, 1962-06-17 
11.7, 1962-06-16 
13.3, 1962-06-15 
12.8, 1962-06-14 
12.8, 1962-06-13 
10.6, 1962-06-12 
10, 1962-06-11 
11.1, 1962-06-10 
12.2, 1962-06-09 
9.4, 1962-06-08 
8.9, 1962-06-07 
7.8, 1962-06-06 
6.1, 1962-06-05 
5, 1962-06-04 
4.4, 1962-06-03 
5, 1962-06-02 
5, 1962-06-01 
6.1, 1962-05-31 
4.4, 1962-05-30 
5.6, 1962-05-29 
6.7, 1962-05-28 
7.2, 1962-05-27 
6.7, 1962-05-26 
6.7, 1962-05-25 
7.2, 1962-05-24 
7.2, 1962-05-23 
8.3, 1962-05-22 
8.9, 1962-05-21 
6.1, 1962-05-20 
7.2, 1962-05-19 
6.7, 1962-05-18 
7.2, 1962-05-17 
7.2, 1962-05-16 
7.8, 1962-05-15 
6.7, 1962-05-14 
6.7, 1962-05-13 
6.7, 1962-05-12 
7.2, 1962-05-11 
7.2, 1962-05-10 
8.9, 1962-05-09 
10.6, 1962-05-08 
11.1, 1962-05-07 
11.7, 1962-05-06 
5.6, 1962-05-05 
5.6, 1962-05-04 
2.8, 1962-05-03 
3.9, 1962-05-02 
5, 1962-05-01 
5, 1962-04-30 
5, 1962-04-29 
5, 1962-04-28 
5.6, 1962-04-27 
6.7, 1962-04-26 
4.4, 1962-04-25 
5, 1962-04-24 
6.1, 1962-04-23 
7.8, 1962-04-22 
4.4, 1962-04-21 
6.1, 1962-04-20 
7.2, 1962-04-19 
5.6, 1962-04-18 
4.4, 1962-04-17 
4.4, 1962-04-16 
3.9, 1962-04-15 
3.9, 1962-04-14 
3.3, 1962-04-13 
3.9, 1962-04-12 
5, 1962-04-11 
5.6, 1962-04-10 
3.9, 1962-04-09 
4.4, 1962-04-08 
4.4, 1962-04-07 
3.9, 1962-04-06 
2.8, 1962-04-05 
1.1, 1962-04-04 
3.9, 1962-04-03 
1.7, 1962-04-02 
0, 1962-04-01 
1.1, 1962-03-31 
1.7, 1962-03-30 
2.2, 1962-03-29 
1.1, 1962-03-28 
2.2, 1962-03-27 
2.8, 1962-03-26 
-1.7, 1962-03-25 
-0.6, 1962-03-24 
1.7, 1962-03-23 
1.7, 1962-03-22 
0.6, 1962-03-21 
1.1, 1962-03-20 
0, 1962-03-19 
-1.7, 1962-03-18 
-3.3, 1962-03-17 
-2.2, 1962-03-16 
-1.7, 1962-03-15 
-1.7, 1962-03-14 
-0.6, 1962-03-13 
0.6, 1962-03-12 
2.2, 1962-03-11 
3.3, 1962-03-10 
3.3, 1962-03-09 
-0.6, 1962-03-08 
-3.3, 1962-03-07 
-2.8, 1962-03-06 
-1.1, 1962-03-05 
-1.7, 1962-03-04 
-0.6, 1962-03-03 
0, 1962-03-02 
0.6, 1962-03-01 
0, 1962-02-28 
-0.6, 1962-02-27 
-3.3, 1962-02-26 
-1.7, 1962-02-25 
0.6, 1962-02-24 
-0.6, 1962-02-23 
1.1, 1962-02-22 
1.7, 1962-02-21 
2.2, 1962-02-20 
5, 1962-02-19 
3.9, 1962-02-18 
2.8, 1962-02-17 
4.4, 1962-02-16 
-1.1, 1962-02-15 
-1.1, 1962-02-14 
1.1, 1962-02-13 
4.4, 1962-02-12 
1.1, 1962-02-11 
5, 1962-02-10 
0, 1962-02-09 
1.7, 1962-02-08 
5, 1962-02-07 
4.4, 1962-02-06 
4.4, 1962-02-05 
2.2, 1962-02-04 
2.8, 1962-02-03 
2.2, 1962-02-02 
2.2, 1962-02-01 
-0.6, 1962-01-31 
-2.8, 1962-01-30 
-2.2, 1962-01-29 
1.7, 1962-01-28 
2.8, 1962-01-27 
4.4, 1962-01-26 
7.2, 1962-01-25 
4.4, 1962-01-24 
2.8, 1962-01-23 
2.8, 1962-01-22 
6.1, 1962-01-21 
2.8, 1962-01-20 
2.2, 1962-01-19 
2.2, 1962-01-18 
6.1, 1962-01-17 
5.6, 1962-01-16 
0, 1962-01-15 
1.7, 1962-01-14 
1.7, 1962-01-13 
2.8, 1962-01-12 
3.3, 1962-01-11 
3.3, 1962-01-10 
3.3, 1962-01-09 
1.7, 1962-01-08 
1.7, 1962-01-07 
1.1, 1962-01-06 
1.1, 1962-01-05 
2.8, 1962-01-04 
-2.2, 1962-01-03 
-1.7, 1962-01-02 
-2.8, 1962-01-01 
-2.8, 1961-12-31 
1.1, 1961-12-30 
-6.7, 1961-12-29 
-6.7, 1961-12-28 
-2.2, 1961-12-27 
-2.8, 1961-12-26 
-3.3, 1961-12-25 
-3.3, 1961-12-24 
-1.7, 1961-12-23 
1.7, 1961-12-22 
3.3, 1961-12-21 
3.3, 1961-12-20 
-0.6, 1961-12-19 
-1.7, 1961-12-18 
-0.6, 1961-12-17 
3.3, 1961-12-16 
3.3, 1961-12-15 
4.4, 1961-12-14 
6.1, 1961-12-13 
7.2, 1961-12-12 
8.3, 1961-12-11 
6.1, 1961-12-10 
2.2, 1961-12-09 
-2.8, 1961-12-08 
-2.2, 1961-12-07 
0.6, 1961-12-06 
1.1, 1961-12-05 
3.9, 1961-12-04 
0, 1961-12-03 
2.8, 1961-12-02 
3.9, 1961-12-01 
7.8, 1961-11-30 
3.9, 1961-11-29 
1.7, 1961-11-28 
6.7, 1961-11-27 
0, 1961-11-26 
1.7, 1961-11-25 
0.6, 1961-11-24 
1.7, 1961-11-23 
3.3, 1961-11-22 
2.8, 1961-11-21 
3.9, 1961-11-20 
6.7, 1961-11-19 
6.7, 1961-11-18 
6.1, 1961-11-17 
6.1, 1961-11-16 
6.7, 1961-11-15 
5.6, 1961-11-14 
7.2, 1961-11-13 
5.6, 1961-11-12 
5.6, 1961-11-11 
-1.7, 1961-11-10 
2.8, 1961-11-09 
5, 1961-11-08 
8.9, 1961-11-07 
6.7, 1961-11-06 
2.8, 1961-11-05 
1.7, 1961-11-04 
3.3, 1961-11-03 
8.9, 1961-11-02 
7.8, 1961-11-01 
7.8, 1961-10-31 
3.9, 1961-10-30 
2.8, 1961-10-29 
4.4, 1961-10-28 
8.3, 1961-10-27 
8.3, 1961-10-26 
6.1, 1961-10-25 
8.3, 1961-10-24 
8.3, 1961-10-23 
10, 1961-10-22 
6.7, 1961-10-21 
7.2, 1961-10-20 
7.2, 1961-10-19 
5.6, 1961-10-18 
6.7, 1961-10-17 
8.3, 1961-10-16 
5.6, 1961-10-15 
9.4, 1961-10-14 
7.8, 1961-10-13 
7.2, 1961-10-12 
9.4, 1961-10-11 
15.6, 1961-10-10 
9.4, 1961-10-09 
10, 1961-10-08 
11.1, 1961-10-07 
13.3, 1961-10-06 
12.8, 1961-10-05 
9.4, 1961-10-04 
9.4, 1961-10-03 
8.9, 1961-10-02 
9.4, 1961-10-01 
10.6, 1961-09-30 
10, 1961-09-29 
11.1, 1961-09-28 
11.1, 1961-09-27 
7.8, 1961-09-26 
9.4, 1961-09-25 
12.2, 1961-09-24 
13.3, 1961-09-23 
12.8, 1961-09-22 
8.9, 1961-09-21 
13.3, 1961-09-20 
16.1, 1961-09-19 
12.8, 1961-09-18 
13.3, 1961-09-17 
15, 1961-09-16 
12.8, 1961-09-15 
11.1, 1961-09-14 
11.7, 1961-09-13 
9.4, 1961-09-12 
11.7, 1961-09-11 
8.9, 1961-09-10 
10, 1961-09-09 
12.2, 1961-09-08 
8.3, 1961-09-07 
7.2, 1961-09-06 
10.6, 1961-09-05 
14.4, 1961-09-04 
14.4, 1961-09-03 
13.9, 1961-09-02 
12.2, 1961-09-01 
11.1, 1961-08-31 
12.2, 1961-08-30 
13.9, 1961-08-29 
11.7, 1961-08-28 
11.1, 1961-08-27 
14.4, 1961-08-26 
10.6, 1961-08-25 
10.6, 1961-08-24 
10.6, 1961-08-23 
12.8, 1961-08-22 
15, 1961-08-21 
10.6, 1961-08-20 
11.1, 1961-08-19 
11.7, 1961-08-18 
11.1, 1961-08-17 
9.4, 1961-08-16 
11.1, 1961-08-15 
11.1, 1961-08-14 
12.2, 1961-08-13 
10, 1961-08-12 
11.1, 1961-08-11 
10, 1961-08-10 
10.6, 1961-08-09 
12.2, 1961-08-08 
8.9, 1961-08-07 
11.7, 1961-08-06 
12.2, 1961-08-05 
15, 1961-08-04 
10.6, 1961-08-03 
11.1, 1961-08-02 
13.9, 1961-08-01 
12.2, 1961-07-31 
12.2, 1961-07-30 
11.1, 1961-07-29 
10.6, 1961-07-28 
11.7, 1961-07-27 
15, 1961-07-26 
12.2, 1961-07-25 
11.7, 1961-07-24 
10.6, 1961-07-23 
12.2, 1961-07-22 
12.2, 1961-07-21 
12.2, 1961-07-20 
12.8, 1961-07-19 
12.2, 1961-07-18 
12.2, 1961-07-17 
11.1, 1961-07-16 
10, 1961-07-15 
9.4, 1961-07-14 
10.6, 1961-07-13 
12.8, 1961-07-12 
14.4, 1961-07-11 
12.2, 1961-07-10 
12.8, 1961-07-09 
13.9, 1961-07-08 
11.1, 1961-07-07 
8.3, 1961-07-06 
8.9, 1961-07-05 
10, 1961-07-04 
12.2, 1961-07-03 
13.3, 1961-07-02 
15, 1961-07-01 
13.3, 1961-06-30 
12.8, 1961-06-29 
9.4, 1961-06-28 
11.7, 1961-06-27 
11.7, 1961-06-26 
13.9, 1961-06-25 
11.1, 1961-06-24 
8.9, 1961-06-23 
11.1, 1961-06-22 
9.4, 1961-06-21 
8.9, 1961-06-20 
9.4, 1961-06-19 
11.7, 1961-06-18 
13.3, 1961-06-17 
12.8, 1961-06-16 
8.9, 1961-06-15 
6.7, 1961-06-14 
8.3, 1961-06-13 
10, 1961-06-12 
11.7, 1961-06-11 
7.2, 1961-06-10 
7.2, 1961-06-09 
8.9, 1961-06-08 
12.8, 1961-06-07 
11.7, 1961-06-06 
10.6, 1961-06-05 
11.7, 1961-06-04 
8.9, 1961-06-03 
9.4, 1961-06-02 
8.9, 1961-06-01 
6.7, 1961-05-31 
6.7, 1961-05-30 
2.2, 1961-05-29 
4.4, 1961-05-28 
5, 1961-05-27 
5.6, 1961-05-26 
8.3, 1961-05-25 
7.2, 1961-05-24 
8.3, 1961-05-23 
7.2, 1961-05-22 
8.3, 1961-05-21 
7.8, 1961-05-20 
8.9, 1961-05-19 
7.8, 1961-05-18 
7.8, 1961-05-17 
6.1, 1961-05-16 
7.2, 1961-05-15 
7.2, 1961-05-14 
8.3, 1961-05-13 
8.9, 1961-05-12 
5.6, 1961-05-11 
6.1, 1961-05-10 
8.9, 1961-05-09 
7.2, 1961-05-08 
7.8, 1961-05-07 
6.1, 1961-05-06 
8.3, 1961-05-05 
8.3, 1961-05-04 
7.8, 1961-05-03 
8.3, 1961-05-02 
8.9, 1961-05-01 
6.7, 1961-04-30 
6.7, 1961-04-29 
7.8, 1961-04-28 
8.3, 1961-04-27 
10, 1961-04-26 
5.6, 1961-04-25 
5.6, 1961-04-24 
7.8, 1961-04-23 
8.3, 1961-04-22 
10, 1961-04-21 
10.6, 1961-04-20 
6.1, 1961-04-19 
6.1, 1961-04-18 
7.2, 1961-04-17 
7.2, 1961-04-16 
7.2, 1961-04-15 
9.4, 1961-04-14 
10, 1961-04-13 
8.3, 1961-04-12 
4.4, 1961-04-11 
5.6, 1961-04-10 
2.2, 1961-04-09 
3.3, 1961-04-08 
5, 1961-04-07 
6.7, 1961-04-06 
8.9, 1961-04-05 
2.2, 1961-04-04 
3.3, 1961-04-03 
3.9, 1961-04-02 
5.6, 1961-04-01 
4.4, 1961-03-31 
5.6, 1961-03-30 
6.1, 1961-03-29 
2.2, 1961-03-28 
2.8, 1961-03-27 
4.4, 1961-03-26 
4.4, 1961-03-25 
2.2, 1961-03-24 
3.9, 1961-03-23 
1.7, 1961-03-22 
2.8, 1961-03-21 
-0.6, 1961-03-20 
0.6, 1961-03-19 
3.3, 1961-03-18 
5, 1961-03-17 
6.7, 1961-03-16 
4.4, 1961-03-15 
7.8, 1961-03-14 
9.4, 1961-03-13 
8.9, 1961-03-12 
7.8, 1961-03-11 
2.2, 1961-03-10 
1.7, 1961-03-09 
5, 1961-03-08 
6.7, 1961-03-07 
4.4, 1961-03-06 
3.3, 1961-03-05 
3.3, 1961-03-04 
1.7, 1961-03-03 
3.9, 1961-03-02 
3.3, 1961-03-01 
3.9, 1961-02-28 
3.9, 1961-02-27 
5.6, 1961-02-26 
4.4, 1961-02-25 
1.1, 1961-02-24 
3.3, 1961-02-23 
3.3, 1961-02-22 
2.2, 1961-02-21 
2.8, 1961-02-20 
3.3, 1961-02-19 
5.6, 1961-02-18 
3.9, 1961-02-17 
5.6, 1961-02-16 
6.7, 1961-02-15 
4.4, 1961-02-14 
5, 1961-02-13 
6.1, 1961-02-12 
6.1, 1961-02-11 
3.3, 1961-02-10 
3.9, 1961-02-09 
3.9, 1961-02-08 
4.4, 1961-02-07 
4.4, 1961-02-06 
2.8, 1961-02-05 
0.6, 1961-02-04 
0, 1961-02-03 
2.8, 1961-02-02 
1.7, 1961-02-01 
2.2, 1961-01-31 
5.6, 1961-01-30 
3.9, 1961-01-29 
0.6, 1961-01-28 
-2.2, 1961-01-27 
-3.3, 1961-01-26 
-0.6, 1961-01-25 
-0.6, 1961-01-24 
2.2, 1961-01-23 
3.3, 1961-01-22 
2.2, 1961-01-21 
2.8, 1961-01-20 
0.6, 1961-01-19 
0, 1961-01-18 
0, 1961-01-17 
1.1, 1961-01-16 
2.2, 1961-01-15 
2.8, 1961-01-14 
3.9, 1961-01-13 
-0.6, 1961-01-12 
0, 1961-01-11 
3.3, 1961-01-10 
1.1, 1961-01-09 
2.2, 1961-01-08 
1.1, 1961-01-07 
2.8, 1961-01-06 
0.6, 1961-01-05 
1.7, 1961-01-04 
0.6, 1961-01-03 
2.8, 1961-01-02 
1.1, 1961-01-01 
1.1, 1960-12-31 
0.6, 1960-12-30 
-0.6, 1960-12-29 
0, 1960-12-28 
0, 1960-12-27 
1.7, 1960-12-26 
3.3, 1960-12-25 
2.8, 1960-12-24 
2.8, 1960-12-23 
1.1, 1960-12-22 
1.7, 1960-12-21 
4.4, 1960-12-20 
2.8, 1960-12-19 
5, 1960-12-18 
2.2, 1960-12-17 
2.8, 1960-12-16 
3.3, 1960-12-15 
2.2, 1960-12-14 
1.1, 1960-12-13 
0, 1960-12-12 
0, 1960-12-11 
1.7, 1960-12-10 
-1.1, 1960-12-09 
2.2, 1960-12-08 
3.3, 1960-12-07 
0, 1960-12-06 
1.1, 1960-12-05 
4.4, 1960-12-04 
4.4, 1960-12-03 
3.9, 1960-12-02 
7.8, 1960-12-01 
8.9, 1960-11-30 
4.4, 1960-11-29 
1.1, 1960-11-28 
2.8, 1960-11-27 
9.4, 1960-11-26 
7.2, 1960-11-25 
6.7, 1960-11-24 
5.6, 1960-11-23 
5.6, 1960-11-22 
7.8, 1960-11-21 
3.3, 1960-11-20 
3.3, 1960-11-19 
1.7, 1960-11-18 
3.9, 1960-11-17 
2.8, 1960-11-16 
3.9, 1960-11-15 
7.2, 1960-11-14 
6.1, 1960-11-13 
5, 1960-11-12 
6.1, 1960-11-11 
4.4, 1960-11-10 
1.1, 1960-11-09 
1.1, 1960-11-08 
3.9, 1960-11-07 
5, 1960-11-06 
4.4, 1960-11-05 
5, 1960-11-04 
5, 1960-11-03 
6.7, 1960-11-02 
7.2, 1960-11-01 
5, 1960-10-31 
8.3, 1960-10-30 
6.1, 1960-10-29 
7.8, 1960-10-28 
9.4, 1960-10-27 
9.4, 1960-10-26 
9.4, 1960-10-25 
10.6, 1960-10-24 
7.2, 1960-10-23 
8.3, 1960-10-22 
8.9, 1960-10-21 
11.1, 1960-10-20 
7.2, 1960-10-19 
7.2, 1960-10-18 
3.9, 1960-10-17 
6.7, 1960-10-16 
7.8, 1960-10-15 
1.7, 1960-10-14 
2.8, 1960-10-13 
4.4, 1960-10-12 
6.1, 1960-10-11 
8.3, 1960-10-10 
7.8, 1960-10-09 
9.4, 1960-10-08 
10, 1960-10-07 
10.6, 1960-10-06 
8.9, 1960-10-05 
10.6, 1960-10-04 
12.8, 1960-10-03 
10, 1960-10-02 
10, 1960-10-01 
8.3, 1960-09-30 
8.9, 1960-09-29 
7.8, 1960-09-28 
10, 1960-09-27 
8.9, 1960-09-26 
7.2, 1960-09-25 
6.1, 1960-09-24 
10, 1960-09-23 
7.8, 1960-09-22 
8.3, 1960-09-21 
10, 1960-09-20 
11.1, 1960-09-19 
10.6, 1960-09-18 
11.1, 1960-09-17 
12.2, 1960-09-16 
10.6, 1960-09-15 
12.2, 1960-09-14 
10.6, 1960-09-13 
11.7, 1960-09-12 
12.2, 1960-09-11 
13.9, 1960-09-10 
10.6, 1960-09-09 
11.1, 1960-09-08 
11.1, 1960-09-07 
10.6, 1960-09-06 
11.1, 1960-09-05 
9.4, 1960-09-04 
11.7, 1960-09-03 
10.6, 1960-09-02 
11.1, 1960-09-01 
11.7, 1960-08-31 
12.8, 1960-08-30 
11.7, 1960-08-29 
12.2, 1960-08-28 
9.4, 1960-08-27 
11.1, 1960-08-26 
12.8, 1960-08-25 
13.3, 1960-08-24 
13.9, 1960-08-23 
14.4, 1960-08-22 
14.4, 1960-08-21 
11.1, 1960-08-20 
10, 1960-08-19 
10, 1960-08-18 
9.4, 1960-08-17 
8.9, 1960-08-16 
10.6, 1960-08-15 
11.7, 1960-08-14 
6.7, 1960-08-13 
8.9, 1960-08-12 
10.6, 1960-08-11 
8.3, 1960-08-10 
11.1, 1960-08-09 
13.9, 1960-08-08 
8.9, 1960-08-07 
12.2, 1960-08-06 
11.7, 1960-08-05 
11.7, 1960-08-04 
10.6, 1960-08-03 
12.8, 1960-08-02 
10, 1960-08-01 
10, 1960-07-31 
12.2, 1960-07-30 
13.9, 1960-07-29 
13.9, 1960-07-28 
11.1, 1960-07-27 
11.7, 1960-07-26 
14.4, 1960-07-25 
11.7, 1960-07-24 
11.7, 1960-07-23 
9.4, 1960-07-22 
10.6, 1960-07-21 
11.1, 1960-07-20 
12.2, 1960-07-19 
11.7, 1960-07-18 
11.7, 1960-07-17 
12.2, 1960-07-16 
10.6, 1960-07-15 
12.8, 1960-07-14 
12.2, 1960-07-13 
11.1, 1960-07-12 
12.2, 1960-07-11 
11.1, 1960-07-10 
11.1, 1960-07-09 
11.1, 1960-07-08 
11.7, 1960-07-07 
11.7, 1960-07-06 
13.3, 1960-07-05 
12.8, 1960-07-04 
9.4, 1960-07-03 
11.1, 1960-07-02 
8.3, 1960-07-01 
8.9, 1960-06-30 
8.9, 1960-06-29 
10.6, 1960-06-28 
11.7, 1960-06-27 
12.8, 1960-06-26 
13.9, 1960-06-25 
12.8, 1960-06-24 
12.8, 1960-06-23 
11.1, 1960-06-22 
11.1, 1960-06-21 
11.7, 1960-06-20 
12.2, 1960-06-19 
15.6, 1960-06-18 
13.9, 1960-06-17 
12.2, 1960-06-16 
8.3, 1960-06-15 
8.9, 1960-06-14 
9.4, 1960-06-13 
11.1, 1960-06-12 
10, 1960-06-11 
10.6, 1960-06-10 
11.7, 1960-06-09 
10.6, 1960-06-08 
10, 1960-06-07 
12.8, 1960-06-06 
12.8, 1960-06-05 
11.7, 1960-06-04 
7.8, 1960-06-03 
8.3, 1960-06-02 
6.1, 1960-06-01 
6.7, 1960-05-31 
7.2, 1960-05-30 
7.8, 1960-05-29 
8.9, 1960-05-28 
12.2, 1960-05-27 
10, 1960-05-26 
6.7, 1960-05-25 
9.4, 1960-05-24 
7.8, 1960-05-23 
7.2, 1960-05-22 
8.3, 1960-05-21 
8.3, 1960-05-20 
8.3, 1960-05-19 
9.4, 1960-05-18 
9.4, 1960-05-17 
9.4, 1960-05-16 
10.6, 1960-05-15 
8.9, 1960-05-14 
10.6, 1960-05-13 
11.7, 1960-05-12 
9.4, 1960-05-11 
10, 1960-05-10 
10.6, 1960-05-09 
8.9, 1960-05-08 
8.9, 1960-05-07 
10, 1960-05-06 
11.7, 1960-05-05 
6.1, 1960-05-04 
5, 1960-05-03 
2.2, 1960-05-02 
3.3, 1960-05-01 
3.9, 1960-04-30 
5.6, 1960-04-29 
5.6, 1960-04-28 
4.4, 1960-04-27 
4.4, 1960-04-26 
5.6, 1960-04-25 
5, 1960-04-24 
5.6, 1960-04-23 
5, 1960-04-22 
5.6, 1960-04-21 
6.1, 1960-04-20 
4.4, 1960-04-19 
3.3, 1960-04-18 
3.9, 1960-04-17 
3.9, 1960-04-16 
4.4, 1960-04-15 
5.6, 1960-04-14 
6.1, 1960-04-13 
2.8, 1960-04-12 
5.6, 1960-04-11 
6.1, 1960-04-10 
6.7, 1960-04-09 
8.3, 1960-04-08 
7.8, 1960-04-07 
8.9, 1960-04-06 
7.8, 1960-04-05 
6.7, 1960-04-04 
6.7, 1960-04-03 
3.9, 1960-04-02 
3.9, 1960-04-01 
3.9, 1960-03-31 
3.9, 1960-03-30 
2.8, 1960-03-29 
3.3, 1960-03-28 
3.3, 1960-03-27 
4.4, 1960-03-26 
3.9, 1960-03-25 
4.4, 1960-03-24 
1.7, 1960-03-23 
2.2, 1960-03-22 
3.3, 1960-03-21 
0.6, 1960-03-20 
0, 1960-03-19 
2.8, 1960-03-18 
3.3, 1960-03-17 
3.3, 1960-03-16 
4.4, 1960-03-15 
6.1, 1960-03-14 
3.9, 1960-03-13 
4.4, 1960-03-12 
4.4, 1960-03-11 
5.6, 1960-03-10 
0.6, 1960-03-09 
0, 1960-03-08 
1.1, 1960-03-07 
2.2, 1960-03-06 
2.8, 1960-03-05 
5.6, 1960-03-04 
4.4, 1960-03-03 
6.1, 1960-03-02 
7.2, 1960-03-01 
9.4, 1960-02-29 
8.3, 1960-02-28 
7.2, 1960-02-27 
3.9, 1960-02-26 
3.9, 1960-02-25 
-3.9, 1960-02-24 
1.1, 1960-02-23 
0, 1960-02-22 
-0.6, 1960-02-21 
1.7, 1960-02-20 
0, 1960-02-19 
-3.3, 1960-02-18 
-3.3, 1960-02-17 
-1.7, 1960-02-16 
-2.2, 1960-02-15 
-1.1, 1960-02-14 
1.1, 1960-02-13 
0, 1960-02-12 
-0.6, 1960-02-11 
2.8, 1960-02-10 
3.3, 1960-02-09 
-1.1, 1960-02-08 
-0.6, 1960-02-07 
1.1, 1960-02-06 
1.7, 1960-02-05 
3.9, 1960-02-04 
7.2, 1960-02-03 
2.8, 1960-02-02 
1.7, 1960-02-01 
5.6, 1960-01-31 
1.7, 1960-01-30 
1.7, 1960-01-29 
1.7, 1960-01-28 
2.8, 1960-01-27 
-1.7, 1960-01-26 
3.3, 1960-01-25 
5, 1960-01-24 
8.3, 1960-01-23 
8.9, 1960-01-22 
0, 1960-01-21 
0.6, 1960-01-20 
0.6, 1960-01-19 
-0.6, 1960-01-18 
-2.2, 1960-01-17 
0, 1960-01-16 
0, 1960-01-15 
-4.4, 1960-01-14 
-5.6, 1960-01-13 
-1.1, 1960-01-12 
0.6, 1960-01-11 
0, 1960-01-10 
0, 1960-01-09 
2.8, 1960-01-08 
0.6, 1960-01-07 
0.6, 1960-01-06 
3.3, 1960-01-05 
7.8, 1960-01-04 
2.8, 1960-01-03 
2.8, 1960-01-02 
6.7, 1960-01-01 
8.3, 1959-12-31 
6.7, 1959-12-30 
2.2, 1959-12-29 
3.9, 1959-12-28 
4.4, 1959-12-27 
6.1, 1959-12-26 
3.3, 1959-12-25 
1.7, 1959-12-24 
2.8, 1959-12-23 
1.1, 1959-12-22 
1.7, 1959-12-21 
4.4, 1959-12-20 
2.2, 1959-12-19 
4.4, 1959-12-18 
6.7, 1959-12-17 
1.7, 1959-12-16 
2.8, 1959-12-15 
6.7, 1959-12-14 
0.6, 1959-12-13 
3.9, 1959-12-12 
3.9, 1959-12-11 
4.4, 1959-12-10 
5, 1959-12-09 
5.6, 1959-12-08 
5, 1959-12-07 
6.1, 1959-12-06 
3.9, 1959-12-05 
4.4, 1959-12-04 
3.3, 1959-12-03 
0, 1959-12-02 
0.6, 1959-12-01 
1.1, 1959-11-30 
3.3, 1959-11-29 
2.8, 1959-11-28 
1.7, 1959-11-27 
6.7, 1959-11-26 
6.7, 1959-11-25 
7.2, 1959-11-24 
7.8, 1959-11-23 
8.9, 1959-11-22 
6.1, 1959-11-21 
8.9, 1959-11-20 
6.1, 1959-11-19 
4.4, 1959-11-18 
-0.6, 1959-11-17 
2.2, 1959-11-16 
3.9, 1959-11-15 
3.9, 1959-11-14 
-1.1, 1959-11-13 
-1.1, 1959-11-12 
-1.1, 1959-11-11 
0, 1959-11-10 
3.9, 1959-11-09 
-0.6, 1959-11-08 
1.1, 1959-11-07 
2.8, 1959-11-06 
5, 1959-11-05 
3.9, 1959-11-04 
6.7, 1959-11-03 
4.4, 1959-11-02 
5, 1959-11-01 
7.2, 1959-10-31 
2.8, 1959-10-30 
2.8, 1959-10-29 
5, 1959-10-28 
6.1, 1959-10-27 
7.2, 1959-10-26 
6.1, 1959-10-25 
9.4, 1959-10-24 
6.1, 1959-10-23 
7.8, 1959-10-22 
6.1, 1959-10-21 
6.1, 1959-10-20 
7.8, 1959-10-19 
11.7, 1959-10-18 
13.3, 1959-10-17 
9.4, 1959-10-16 
8.9, 1959-10-15 
10.6, 1959-10-14 
11.1, 1959-10-13 
9.4, 1959-10-12 
10.6, 1959-10-11 
11.1, 1959-10-10 
10, 1959-10-09 
7.2, 1959-10-08 
9.4, 1959-10-07 
8.9, 1959-10-06 
12.8, 1959-10-05 
13.9, 1959-10-04 
11.7, 1959-10-03 
15, 1959-10-02 
10, 1959-10-01 
11.7, 1959-09-30 
10, 1959-09-29 
7.8, 1959-09-28 
10, 1959-09-27 
11.7, 1959-09-26 
12.2, 1959-09-25 
8.9, 1959-09-24 
7.8, 1959-09-23 
9.4, 1959-09-22 
11.7, 1959-09-21 
11.7, 1959-09-20 
12.8, 1959-09-19 
12.2, 1959-09-18 
13.3, 1959-09-17 
12.2, 1959-09-16 
12.8, 1959-09-15 
12.8, 1959-09-14 
12.2, 1959-09-13 
13.9, 1959-09-12 
12.2, 1959-09-11 
12.8, 1959-09-10 
11.7, 1959-09-09 
10.6, 1959-09-08 
11.7, 1959-09-07 
14.4, 1959-09-06 
12.2, 1959-09-05 
12.2, 1959-09-04 
12.2, 1959-09-03 
12.2, 1959-09-02 
12.2, 1959-09-01 
11.7, 1959-08-31 
11.7, 1959-08-30 
11.7, 1959-08-29 
13.3, 1959-08-28 
12.2, 1959-08-27 
13.9, 1959-08-26 
17.2, 1959-08-25 
16.1, 1959-08-24 
14.4, 1959-08-23 
14.4, 1959-08-22 
16.7, 1959-08-21 
16.1, 1959-08-20 
11.7, 1959-08-19 
11.7, 1959-08-18 
11.1, 1959-08-17 
11.7, 1959-08-16 
9.4, 1959-08-15 
12.8, 1959-08-14 
15, 1959-08-13 
15.6, 1959-08-12 
16.1, 1959-08-11 
15.6, 1959-08-10 
16.7, 1959-08-09 
13.3, 1959-08-08 
13.3, 1959-08-07 
15.6, 1959-08-06 
14.4, 1959-08-05 
13.9, 1959-08-04 
11.7, 1959-08-03 
11.1, 1959-08-02 
11.7, 1959-08-01 
10.6, 1959-07-31 
12.8, 1959-07-30 
11.1, 1959-07-29 
11.1, 1959-07-28 
11.7, 1959-07-27 
12.2, 1959-07-26 
12.8, 1959-07-25 
11.1, 1959-07-24 
11.7, 1959-07-23 
13.3, 1959-07-22 
12.8, 1959-07-21 
12.2, 1959-07-20 
12.8, 1959-07-19 
14.4, 1959-07-18 
15, 1959-07-17 
12.2, 1959-07-16 
8.9, 1959-07-15 
7.2, 1959-07-14 
11.1, 1959-07-13 
12.8, 1959-07-12 
13.9, 1959-07-11 
13.3, 1959-07-10 
13.3, 1959-07-09 
13.9, 1959-07-08 
12.8, 1959-07-07 
13.9, 1959-07-06 
15.6, 1959-07-05 
15, 1959-07-04 
15.6, 1959-07-03 
16.7, 1959-07-02 
9.4, 1959-07-01 
10, 1959-06-30 
12.2, 1959-06-29 
13.9, 1959-06-28 
13.9, 1959-06-27 
13.9, 1959-06-26 
14.4, 1959-06-25 
14.4, 1959-06-24 
15.6, 1959-06-23 
13.3, 1959-06-22 
8.9, 1959-06-21 
9.4, 1959-06-20 
8.9, 1959-06-19 
10, 1959-06-18 
10.6, 1959-06-17 
6.1, 1959-06-16 
8.3, 1959-06-15 
10, 1959-06-14 
8.3, 1959-06-13 
10, 1959-06-12 
8.3, 1959-06-11 
8.9, 1959-06-10 
7.8, 1959-06-09 
8.9, 1959-06-08 
10.6, 1959-06-07 
10.6, 1959-06-06 
13.3, 1959-06-05 
12.2, 1959-06-04 
10.6, 1959-06-03 
7.2, 1959-06-02 
10, 1959-06-01 
12.2, 1959-05-31 
5, 1959-05-30 
6.1, 1959-05-29 
7.2, 1959-05-28 
7.2, 1959-05-27 
8.3, 1959-05-26 
8.3, 1959-05-25 
8.3, 1959-05-24 
8.3, 1959-05-23 
11.1, 1959-05-22 
10, 1959-05-21 
8.9, 1959-05-20 
7.2, 1959-05-19 
7.8, 1959-05-18 
7.8, 1959-05-17 
7.8, 1959-05-16 
8.3, 1959-05-15 
8.9, 1959-05-14 
10, 1959-05-13 
11.1, 1959-05-12 
12.8, 1959-05-11 
12.8, 1959-05-10 
10.6, 1959-05-09 
10.6, 1959-05-08 
5, 1959-05-07 
3.3, 1959-05-06 
2.8, 1959-05-05 
3.3, 1959-05-04 
5.6, 1959-05-03 
5.6, 1959-05-02 
3.9, 1959-05-01 
4.4, 1959-04-30 
3.3, 1959-04-29 
4.4, 1959-04-28 
6.1, 1959-04-27 
7.2, 1959-04-26 
8.9, 1959-04-25 
6.7, 1959-04-24 
8.9, 1959-04-23 
7.2, 1959-04-22 
5, 1959-04-21 
3.9, 1959-04-20 
5, 1959-04-19 
6.1, 1959-04-18 
7.8, 1959-04-17 
6.1, 1959-04-16 
7.8, 1959-04-15 
11.1, 1959-04-14 
9.4, 1959-04-13 
7.2, 1959-04-12 
1.7, 1959-04-11 
3.3, 1959-04-10 
2.8, 1959-04-09 
5.6, 1959-04-08 
3.3, 1959-04-07 
4.4, 1959-04-06 
5, 1959-04-05 
6.7, 1959-04-04 
6.1, 1959-04-03 
5.6, 1959-04-02 
7.2, 1959-04-01 
1.7, 1959-03-31 
2.8, 1959-03-30 
3.3, 1959-03-29 
3.3, 1959-03-28 
3.9, 1959-03-27 
2.8, 1959-03-26 
5.6, 1959-03-25 
4.4, 1959-03-24 
3.9, 1959-03-23 
3.9, 1959-03-22 
5, 1959-03-21 
5, 1959-03-20 
3.3, 1959-03-19 
2.2, 1959-03-18 
3.3, 1959-03-17 
2.8, 1959-03-16 
4.4, 1959-03-15 
1.7, 1959-03-14 
3.3, 1959-03-13 
2.8, 1959-03-12 
5, 1959-03-11 
3.3, 1959-03-10 
2.2, 1959-03-09 
3.3, 1959-03-08 
5.6, 1959-03-07 
5, 1959-03-06 
6.1, 1959-03-05 
6.7, 1959-03-04 
7.8, 1959-03-03 
4.4, 1959-03-02 
6.1, 1959-03-01 
7.2, 1959-02-28 
5, 1959-02-27 
6.1, 1959-02-26 
6.1, 1959-02-25 
5.6, 1959-02-24 
3.3, 1959-02-23 
3.9, 1959-02-22 
4.4, 1959-02-21 
0, 1959-02-20 
1.7, 1959-02-19 
0, 1959-02-18 
-0.6, 1959-02-17 
2.8, 1959-02-16 
3.9, 1959-02-15 
-1.1, 1959-02-14 
0.6, 1959-02-13 
1.1, 1959-02-12 
1.1, 1959-02-11 
1.7, 1959-02-10 
0.6, 1959-02-09 
0.6, 1959-02-08 
-0.6, 1959-02-07 
0, 1959-02-06 
2.2, 1959-02-05 
2.2, 1959-02-04 
1.7, 1959-02-03 
0, 1959-02-02 
1.7, 1959-02-01 
3.3, 1959-01-31 
-3.3, 1959-01-30 
-3.3, 1959-01-29 
0, 1959-01-28 
0, 1959-01-27 
-2.8, 1959-01-26 
-1.1, 1959-01-25 
-0.6, 1959-01-24 
0, 1959-01-23 
1.7, 1959-01-22 
6.1, 1959-01-21 
6.1, 1959-01-20 
5.6, 1959-01-19 
3.9, 1959-01-18 
-4.4, 1959-01-17 
-3.9, 1959-01-16 
-2.8, 1959-01-15 
-5, 1959-01-14 
-2.8, 1959-01-13 
-1.1, 1959-01-12 
-5.6, 1959-01-11 
-3.9, 1959-01-10 
-1.1, 1959-01-09 
-1.7, 1959-01-08 
0, 1959-01-07 
0.6, 1959-01-06 
-0.6, 1959-01-05 
-2.2, 1959-01-04 
-1.7, 1959-01-03 
1.7, 1959-01-02 
1.7, 1959-01-01 
1.7, 1958-12-31 
3.3, 1958-12-30 
3.9, 1958-12-29 
6.7, 1958-12-28 
4.4, 1958-12-27 
3.3, 1958-12-26 
0, 1958-12-25 
3.3, 1958-12-24 
3.9, 1958-12-23 
3.3, 1958-12-22 
4.4, 1958-12-21 
7.2, 1958-12-20 
6.1, 1958-12-19 
3.3, 1958-12-18 
3.3, 1958-12-17 
3.9, 1958-12-16 
-1.7, 1958-12-15 
0, 1958-12-14 
0.6, 1958-12-13 
2.2, 1958-12-12 
3.3, 1958-12-11 
-0.6, 1958-12-10 
1.7, 1958-12-09 
0.6, 1958-12-08 
-3.3, 1958-12-07 
2.8, 1958-12-06 
2.8, 1958-12-05 
0, 1958-12-04 
3.3, 1958-12-03 
0.6, 1958-12-02 
3.9, 1958-12-01 
5, 1958-11-30 
5.6, 1958-11-29 
6.7, 1958-11-28 
6.7, 1958-11-27 
2.8, 1958-11-26 
0, 1958-11-25 
5.6, 1958-11-24 
6.1, 1958-11-23 
5, 1958-11-22 
7.2, 1958-11-21 
4.4, 1958-11-20 
5, 1958-11-19 
7.2, 1958-11-18 
1.1, 1958-11-17 
1.1, 1958-11-16 
3.3, 1958-11-15 
3.3, 1958-11-14 
1.7, 1958-11-13 
2.8, 1958-11-12 
2.8, 1958-11-11 
3.3, 1958-11-10 
3.3, 1958-11-09 
5.6, 1958-11-08 
10, 1958-11-07 
6.7, 1958-11-06 
7.2, 1958-11-05 
8.3, 1958-11-04 
8.3, 1958-11-03 
7.8, 1958-11-02 
1.7, 1958-11-01 
4.4, 1958-10-31 
6.7, 1958-10-30 
6.7, 1958-10-29 
4.4, 1958-10-28 
5.6, 1958-10-27 
8.3, 1958-10-26 
9.4, 1958-10-25 
9.4, 1958-10-24 
10, 1958-10-23 
10.6, 1958-10-22 
10.6, 1958-10-21 
8.9, 1958-10-20 
5.6, 1958-10-19 
5.6, 1958-10-18 
6.7, 1958-10-17 
7.2, 1958-10-16 
9.4, 1958-10-15 
7.8, 1958-10-14 
7.2, 1958-10-13 
5, 1958-10-12 
5.6, 1958-10-11 
8.3, 1958-10-10 
8.9, 1958-10-09 
11.1, 1958-10-08 
9.4, 1958-10-07 
4.4, 1958-10-06 
8.9, 1958-10-05 
11.1, 1958-10-04 
7.2, 1958-10-03 
7.8, 1958-10-02 
10.6, 1958-10-01 
11.1, 1958-09-30 
12.2, 1958-09-29 
8.9, 1958-09-28 
5.6, 1958-09-27 
6.1, 1958-09-26 
9.4, 1958-09-25 
10, 1958-09-24 
8.9, 1958-09-23 
7.8, 1958-09-22 
10, 1958-09-21 
11.1, 1958-09-20 
13.9, 1958-09-19 
12.2, 1958-09-18 
12.2, 1958-09-17 
12.2, 1958-09-16 
12.2, 1958-09-15 
10, 1958-09-14 
11.1, 1958-09-13 
10, 1958-09-12 
10.6, 1958-09-11 
11.1, 1958-09-10 
12.2, 1958-09-09 
12.2, 1958-09-08 
13.9, 1958-09-07 
15, 1958-09-06 
15, 1958-09-05 
13.3, 1958-09-04 
15.6, 1958-09-03 
15, 1958-09-02 
14.4, 1958-09-01 
13.3, 1958-08-31 
13.3, 1958-08-30 
14.4, 1958-08-29 
13.3, 1958-08-28 
11.1, 1958-08-27 
10, 1958-08-26 
11.1, 1958-08-25 
8.3, 1958-08-24 
10, 1958-08-23 
10, 1958-08-22 
10, 1958-08-21 
10.6, 1958-08-20 
11.1, 1958-08-19 
12.2, 1958-08-18 
10, 1958-08-17 
11.1, 1958-08-16 
12.8, 1958-08-15 
15, 1958-08-14 
12.2, 1958-08-13 
12.8, 1958-08-12 
13.3, 1958-08-11 
14.4, 1958-08-10 
13.9, 1958-08-09 
7.8, 1958-08-08 
10, 1958-08-07 
10, 1958-08-06 
12.2, 1958-08-05 
13.9, 1958-08-04 
9.4, 1958-08-03 
11.1, 1958-08-02 
11.7, 1958-08-01 
11.1, 1958-07-31 
13.3, 1958-07-30 
13.3, 1958-07-29 
14.4, 1958-07-28 
12.2, 1958-07-27 
13.9, 1958-07-26 
7.8, 1958-07-25 
8.9, 1958-07-24 
7.8, 1958-07-23 
10, 1958-07-22 
12.2, 1958-07-21 
12.8, 1958-07-20 
11.1, 1958-07-19 
12.2, 1958-07-18 
11.7, 1958-07-17 
11.7, 1958-07-16 
11.1, 1958-07-15 
10.6, 1958-07-14 
12.2, 1958-07-13 
11.7, 1958-07-12 
14.4, 1958-07-11 
13.9, 1958-07-10 
12.8, 1958-07-09 
12.8, 1958-07-08 
12.2, 1958-07-07 
11.7, 1958-07-06 
12.2, 1958-07-05 
12.2, 1958-07-04 
11.7, 1958-07-03 
13.9, 1958-07-02 
12.8, 1958-07-01 
10, 1958-06-30 
10.6, 1958-06-29 
11.7, 1958-06-28 
10, 1958-06-27 
11.1, 1958-06-26 
6.7, 1958-06-25 
8.9, 1958-06-24 
10, 1958-06-23 
7.8, 1958-06-22 
10, 1958-06-21 
10.6, 1958-06-20 
11.7, 1958-06-19 
7.8, 1958-06-18 
9.4, 1958-06-17 
11.1, 1958-06-16 
5.6, 1958-06-15 
7.2, 1958-06-14 
7.8, 1958-06-13 
5.6, 1958-06-12 
8.3, 1958-06-11 
8.9, 1958-06-10 
9.4, 1958-06-09 
11.7, 1958-06-08 
11.1, 1958-06-07 
7.8, 1958-06-06 
7.8, 1958-06-05 
10, 1958-06-04 
11.1, 1958-06-03 
10.6, 1958-06-02 
10, 1958-06-01 
6.7, 1958-05-31 
7.8, 1958-05-30 
6.7, 1958-05-29 
7.2, 1958-05-28 
5, 1958-05-27 
8.3, 1958-05-26 
7.2, 1958-05-25 
6.1, 1958-05-24 
6.1, 1958-05-23 
5.6, 1958-05-22 
6.7, 1958-05-21 
8.3, 1958-05-20 
10.6, 1958-05-19 
10.6, 1958-05-18 
3.9, 1958-05-17 
5, 1958-05-16 
7.2, 1958-05-15 
7.2, 1958-05-14 
6.1, 1958-05-13 
6.7, 1958-05-12 
7.8, 1958-05-11 
8.9, 1958-05-10 
9.4, 1958-05-09 
12.8, 1958-05-08 
6.1, 1958-05-07 
8.9, 1958-05-06 
4.4, 1958-05-05 
2.2, 1958-05-04 
4.4, 1958-05-03 
6.1, 1958-05-02 
7.8, 1958-05-01 
8.9, 1958-04-30 
8.3, 1958-04-29 
6.1, 1958-04-28 
4.4, 1958-04-27 
5.6, 1958-04-26 
6.1, 1958-04-25 
8.3, 1958-04-24 
3.3, 1958-04-23 
3.9, 1958-04-22 
6.1, 1958-04-21 
5.6, 1958-04-20 
7.8, 1958-04-19 
6.7, 1958-04-18 
1.1, 1958-04-17 
1.7, 1958-04-16 
3.9, 1958-04-15 
5, 1958-04-14 
-0.6, 1958-04-13 
0, 1958-04-12 
2.2, 1958-04-11 
1.1, 1958-04-10 
1.1, 1958-04-09 
1.7, 1958-04-08 
2.2, 1958-04-07 
2.2, 1958-04-06 
3.3, 1958-04-05 
1.1, 1958-04-04 
0, 1958-04-03 
-1.7, 1958-04-02 
-1.1, 1958-04-01 
3.3, 1958-03-31 
3.9, 1958-03-30 
7.8, 1958-03-29 
7.2, 1958-03-28 
6.7, 1958-03-27 
3.3, 1958-03-26 
3.3, 1958-03-25 
-2.2, 1958-03-24 
-3.3, 1958-03-23 
-3.3, 1958-03-22 
-2.2, 1958-03-21 
-3.3, 1958-03-20 
-1.7, 1958-03-19 
0, 1958-03-18 
0.6, 1958-03-17 
-2.8, 1958-03-16 
-3.3, 1958-03-15 
-1.1, 1958-03-14 
0, 1958-03-13 
-7.2, 1958-03-12 
-3.9, 1958-03-11 
-3.3, 1958-03-10 
-2.2, 1958-03-09 
-1.7, 1958-03-08 
-0.6, 1958-03-07 
1.1, 1958-03-06 
5, 1958-03-05 
3.9, 1958-03-04 
2.2, 1958-03-03 
2.2, 1958-03-02 
3.9, 1958-03-01 
3.3, 1958-02-28 
-0.6, 1958-02-27 
-1.1, 1958-02-26 
-2.2, 1958-02-25 
0, 1958-02-24 
0, 1958-02-23 
0, 1958-02-22 
2.2, 1958-02-21 
4.4, 1958-02-20 
0, 1958-02-19 
-0.6, 1958-02-18 
0.6, 1958-02-17 
3.9, 1958-02-16 
10, 1958-02-15 
10, 1958-02-14 
0, 1958-02-13 
1.7, 1958-02-12 
7.2, 1958-02-11 
7.8, 1958-02-10 
0, 1958-02-09 
-1.1, 1958-02-08 
-3.3, 1958-02-07 
-2.2, 1958-02-06 
1.1, 1958-02-05 
1.1, 1958-02-04 
0.6, 1958-02-03 
5.6, 1958-02-02 
1.7, 1958-02-01 
-2.8, 1958-01-31 
-1.1, 1958-01-30 
6.7, 1958-01-29 
5.6, 1958-01-28 
5, 1958-01-27 
1.1, 1958-01-26 
-3.9, 1958-01-25 
-6.7, 1958-01-24 
-7.2, 1958-01-23 
-7.2, 1958-01-22 
-7.2, 1958-01-21 
-1.7, 1958-01-20 
-1.7, 1958-01-19 
1.1, 1958-01-18 
2.8, 1958-01-17 
6.1, 1958-01-16 
1.7, 1958-01-15 
0.6, 1958-01-14 
0.6, 1958-01-13 
0, 1958-01-12 
1.1, 1958-01-11 
1.1, 1958-01-10 
3.9, 1958-01-09 
2.2, 1958-01-08 
2.2, 1958-01-07 
1.1, 1958-01-06 
2.2, 1958-01-05 
-1.1, 1958-01-04 
-2.8, 1958-01-03 
-0.6, 1958-01-02 
1.7, 1958-01-01 
3.9, 1957-12-31 
4.4, 1957-12-30 
3.3, 1957-12-29 
3.3, 1957-12-28 
3.3, 1957-12-27 
1.7, 1957-12-26 
1.1, 1957-12-25 
5.6, 1957-12-24 
3.9, 1957-12-23 
5, 1957-12-22 
2.8, 1957-12-21 
8.9, 1957-12-20 
1.1, 1957-12-19 
-0.6, 1957-12-18 
-3.3, 1957-12-17 
-2.8, 1957-12-16 
1.1, 1957-12-15 
2.8, 1957-12-14 
3.3, 1957-12-13 
1.7, 1957-12-12 
2.8, 1957-12-11 
-4.4, 1957-12-10 
0, 1957-12-09 
5, 1957-12-08 
2.8, 1957-12-07 
3.3, 1957-12-06 
2.8, 1957-12-05 
-1.7, 1957-12-04 
-2.2, 1957-12-03 
-3.3, 1957-12-02 
-1.1, 1957-12-01 
0.6, 1957-11-30 
6.1, 1957-11-29 
6.1, 1957-11-28 
7.2, 1957-11-27 
6.1, 1957-11-26 
2.8, 1957-11-25 
-1.1, 1957-11-24 
1.7, 1957-11-23 
3.9, 1957-11-22 
3.9, 1957-11-21 
5, 1957-11-20 
6.1, 1957-11-19 
3.3, 1957-11-18 
4.4, 1957-11-17 
5.6, 1957-11-16 
3.9, 1957-11-15 
3.9, 1957-11-14 
6.7, 1957-11-13 
8.9, 1957-11-12 
8.9, 1957-11-11 
6.1, 1957-11-10 
6.1, 1957-11-09 
2.2, 1957-11-08 
3.3, 1957-11-07 
4.4, 1957-11-06 
5, 1957-11-05 
3.3, 1957-11-04 
6.1, 1957-11-03 
4.4, 1957-11-02 
5, 1957-11-01 
7.8, 1957-10-31 
11.1, 1957-10-30 
12.8, 1957-10-29 
9.4, 1957-10-28 
8.3, 1957-10-27 
11.7, 1957-10-26 
11.1, 1957-10-25 
10.6, 1957-10-24 
3.9, 1957-10-23 
3.9, 1957-10-22 
6.7, 1957-10-21 
1.1, 1957-10-20 
3.9, 1957-10-19 
8.9, 1957-10-18 
4.4, 1957-10-17 
7.2, 1957-10-16 
7.8, 1957-10-15 
8.3, 1957-10-14 
7.8, 1957-10-13 
4.4, 1957-10-12 
9.4, 1957-10-11 
6.1, 1957-10-10 
10.6, 1957-10-09 
10, 1957-10-08 
10.6, 1957-10-07 
9.4, 1957-10-06 
9.4, 1957-10-05 
6.7, 1957-10-04 
8.3, 1957-10-03 
8.3, 1957-10-02 
8.3, 1957-10-01 
5.6, 1957-09-30 
6.7, 1957-09-29 
9.4, 1957-09-28 
7.2, 1957-09-27 
7.8, 1957-09-26 
9.4, 1957-09-25 
8.9, 1957-09-24 
11.1, 1957-09-23 
12.8, 1957-09-22 
12.2, 1957-09-21 
10.6, 1957-09-20 
10.6, 1957-09-19 
12.8, 1957-09-18 
11.7, 1957-09-17 
6.1, 1957-09-16 
6.1, 1957-09-15 
8.3, 1957-09-14 
6.1, 1957-09-13 
8.3, 1957-09-12 
8.9, 1957-09-11 
12.8, 1957-09-10 
6.7, 1957-09-09 
8.9, 1957-09-08 
12.2, 1957-09-07 
7.8, 1957-09-06 
11.1, 1957-09-05 
7.2, 1957-09-04 
7.8, 1957-09-03 
9.4, 1957-09-02 
10.6, 1957-09-01 
11.7, 1957-08-31 
8.9, 1957-08-30 
8.9, 1957-08-28 
10.6, 1957-08-27 
10, 1957-08-26 
8.9, 1957-08-25 
8.9, 1957-08-24 
10.6, 1957-08-23 
10, 1957-08-22 
12.2, 1957-08-21 
15, 1957-08-20 
11.1, 1957-08-19 
11.1, 1957-08-18 
11.7, 1957-08-17 
11.7, 1957-08-16 
11.7, 1957-08-15 
11.7, 1957-08-14 
13.9, 1957-08-13 
13.3, 1957-08-12 
14.4, 1957-08-11 
15, 1957-08-10 
15, 1957-08-09 
15.6, 1957-08-08 
15.6, 1957-08-07 
15, 1957-08-06 
12.2, 1957-08-05 
10.6, 1957-08-04 
9.4, 1957-08-03 
11.1, 1957-08-02 
12.2, 1957-08-01 
10, 1957-07-31 
11.7, 1957-07-30 
14.4, 1957-07-29 
13.3, 1957-07-28 
11.1, 1957-07-27 
12.8, 1957-07-26 
15, 1957-07-25 
16.1, 1957-07-24 
11.7, 1957-07-23 
13.3, 1957-07-22 
11.7, 1957-07-21 
10.6, 1957-07-20 
11.1, 1957-07-19 
12.2, 1957-07-18 
11.7, 1957-07-17 
8.3, 1957-07-16 
12.8, 1957-07-15 
11.7, 1957-07-14 
11.1, 1957-07-13 
13.3, 1957-07-12 
12.8, 1957-07-11 
13.3, 1957-07-10 
13.9, 1957-07-09 
15.6, 1957-07-08 
17.2, 1957-07-07 
13.9, 1957-07-06 
14.4, 1957-07-05 
13.9, 1957-07-04 
13.9, 1957-07-03 
13.3, 1957-07-02 
15.6, 1957-07-01 
15, 1957-06-30 
15.6, 1957-06-29 
15, 1957-06-28 
12.8, 1957-06-27 
9.4, 1957-06-26 
8.3, 1957-06-25 
8.9, 1957-06-24 
7.8, 1957-06-23 
7.8, 1957-06-22 
8.3, 1957-06-21 
10, 1957-06-20 
11.1, 1957-06-19 
12.2, 1957-06-18 
12.2, 1957-06-17 
11.7, 1957-06-16 
10.6, 1957-06-15 
10.6, 1957-06-14 
8.3, 1957-06-13 
6.1, 1957-06-12 
7.2, 1957-06-11 
8.3, 1957-06-10 
10, 1957-06-09 
8.3, 1957-06-08 
8.3, 1957-06-07 
7.8, 1957-06-06 
8.9, 1957-06-05 
12.2, 1957-06-04 
10.6, 1957-06-03 
11.7, 1957-06-02 
9.4, 1957-06-01 
5.6, 1957-05-31 
6.1, 1957-05-30 
8.9, 1957-05-29 
6.1, 1957-05-28 
6.7, 1957-05-27 
7.2, 1957-05-26 
8.3, 1957-05-25 
8.9, 1957-05-24 
7.8, 1957-05-23 
6.1, 1957-05-22 
7.2, 1957-05-21 
4.4, 1957-05-20 
6.7, 1957-05-19 
7.2, 1957-05-18 
6.7, 1957-05-17 
6.7, 1957-05-16 
9.4, 1957-05-15 
5.6, 1957-05-14 
8.9, 1957-05-13 
7.8, 1957-05-12 
7.2, 1957-05-11 
7.2, 1957-05-10 
5, 1957-05-09 
0, 1957-05-08 
1.1, 1957-05-07 
3.3, 1957-05-06 
3.9, 1957-05-05 
6.7, 1957-05-04 
6.1, 1957-05-03 
6.7, 1957-05-02 
4.4, 1957-05-01 
4.4, 1957-04-30 
4.4, 1957-04-29 
5.6, 1957-04-28 
6.7, 1957-04-27 
6.1, 1957-04-26 
6.1, 1957-04-25 
6.1, 1957-04-24 
6.1, 1957-04-23 
5.6, 1957-04-22 
2.8, 1957-04-21 
3.3, 1957-04-20 
5, 1957-04-19 
7.2, 1957-04-18 
5, 1957-04-17 
7.2, 1957-04-16 
5, 1957-04-15 
2.2, 1957-04-14 
2.2, 1957-04-13 
2.2, 1957-04-12 
2.8, 1957-04-11 
5, 1957-04-10 
5, 1957-04-09 
3.3, 1957-04-08 
4.4, 1957-04-07 
4.4, 1957-04-06 
6.7, 1957-04-05 
7.8, 1957-04-04 
3.3, 1957-04-03 
4.4, 1957-04-02 
4.4, 1957-04-01 
6.1, 1957-03-31 
2.2, 1957-03-30 
2.8, 1957-03-29 
4.4, 1957-03-28 
6.1, 1957-03-27 
7.2, 1957-03-26 
3.3, 1957-03-25 
5.6, 1957-03-24 
4.4, 1957-03-23 
2.8, 1957-03-22 
5.6, 1957-03-21 
6.7, 1957-03-20 
7.8, 1957-03-19 
7.2, 1957-03-18 
9.4, 1957-03-17 
9.4, 1957-03-16 
8.3, 1957-03-15 
6.7, 1957-03-14 
5, 1957-03-13 
6.7, 1957-03-12 
5.6, 1957-03-11 
7.8, 1957-03-10 
7.8, 1957-03-09 
5, 1957-03-08 
5, 1957-03-07 
3.9, 1957-03-06 
3.9, 1957-03-05 
1.1, 1957-03-04 
-0.6, 1957-03-03 
2.2, 1957-03-02 
2.2, 1957-03-01 
-1.7, 1957-02-28 
0, 1957-02-27 
3.3, 1957-02-26 
3.3, 1957-02-25 
1.7, 1957-02-24 
-1.1, 1957-02-23 
-3.9, 1957-02-22 
-4.4, 1957-02-21 
-1.7, 1957-02-20 
0, 1957-02-19 
-1.1, 1957-02-18 
-0.6, 1957-02-17 
-1.1, 1957-02-16 
0.6, 1957-02-15 
1.1, 1957-02-14 
3.9, 1957-02-13 
2.2, 1957-02-12 
1.1, 1957-02-11 
2.2, 1957-02-10 
2.2, 1957-02-09 
6.7, 1957-02-08 
3.3, 1957-02-07 
3.3, 1957-02-06 
6.7, 1957-02-05 
7.2, 1957-02-04 
5.6, 1957-02-03 
5, 1957-02-02 
5.6, 1957-02-01 
7.2, 1957-01-31 
4.4, 1957-01-30 
6.1, 1957-01-29 
1.7, 1957-01-28 
1.7, 1957-01-27 
5, 1957-01-26 
-0.6, 1957-01-25 
2.2, 1957-01-24 
1.7, 1957-01-23 
3.9, 1957-01-22 
3.9, 1957-01-21 
1.1, 1957-01-20 
-0.6, 1957-01-19 
0.6, 1957-01-18 
0.6, 1957-01-17 
2.8, 1957-01-16 
2.8, 1957-01-15 
0, 1957-01-14 
1.7, 1957-01-13 
3.3, 1957-01-12 
0.6, 1957-01-11 
2.2, 1957-01-10 
4.4, 1957-01-09 
8.9, 1957-01-08 
2.2, 1957-01-07 
4.4, 1957-01-06 
12.8, 1957-01-05 
7.2, 1957-01-04 
4.4, 1957-01-03 
-0.6, 1957-01-02 
3.9, 1957-01-01 
4.4, 1956-12-31 
6.1, 1956-12-30 
2.8, 1956-12-29 
-1.7, 1956-12-28 
-1.7, 1956-12-27 
-1.1, 1956-12-26 
-1.1, 1956-12-25 
0, 1956-12-24 
0.6, 1956-12-23 
-1.7, 1956-12-22 
-0.6, 1956-12-21 
-2.2, 1956-12-20 
-1.7, 1956-12-19 
1.7, 1956-12-18 
6.7, 1956-12-17 
7.8, 1956-12-16 
6.7, 1956-12-15 
4.4, 1956-12-14 
3.9, 1956-12-13 
5.6, 1956-12-12 
7.8, 1956-12-11 
6.7, 1956-12-10 
7.2, 1956-12-09 
6.1, 1956-12-08 
6.1, 1956-12-07 
7.2, 1956-12-06 
7.2, 1956-12-05 
7.2, 1956-12-04 
6.1, 1956-12-03 
5, 1956-12-02 
1.7, 1956-12-01 
0.6, 1956-11-30 
1.1, 1956-11-29 
2.8, 1956-11-28 
5.6, 1956-11-27 
7.8, 1956-11-26 
0.6, 1956-11-25 
0.6, 1956-11-24 
-1.1, 1956-11-23 
-1.1, 1956-11-22 
-1.1, 1956-11-21 
1.7, 1956-11-20 
2.8, 1956-11-19 
4.4, 1956-11-18 
1.7, 1956-11-17 
2.8, 1956-11-16 
2.8, 1956-11-15 
4.4, 1956-11-14 
3.9, 1956-11-13 
2.2, 1956-11-12 
2.2, 1956-11-11 
4.4, 1956-11-10 
6.1, 1956-11-09 
5, 1956-11-08 
1.7, 1956-11-07 
3.3, 1956-11-06 
5.6, 1956-11-05 
7.8, 1956-11-04 
8.3, 1956-11-03 
7.8, 1956-11-02 
6.1, 1956-11-01 
5, 1956-10-31 
4.4, 1956-10-30 
4.4, 1956-10-29 
5.6, 1956-10-28 
5.6, 1956-10-27 
3.3, 1956-10-26 
3.3, 1956-10-25 
6.1, 1956-10-24 
6.7, 1956-10-23 
8.3, 1956-10-22 
5.6, 1956-10-21 
10, 1956-10-20 
5.6, 1956-10-19 
5, 1956-10-18 
6.1, 1956-10-17 
10.6, 1956-10-16 
9.4, 1956-10-15 
6.1, 1956-10-14 
6.1, 1956-10-13 
5.6, 1956-10-12 
6.7, 1956-10-11 
8.9, 1956-10-10 
6.1, 1956-10-09 
7.2, 1956-10-08 
6.7, 1956-10-07 
6.1, 1956-10-06 
3.9, 1956-10-05 
5, 1956-10-04 
6.7, 1956-10-03 
7.2, 1956-10-02 
8.3, 1956-10-01 
9.4, 1956-09-30 
10.6, 1956-09-29 
12.2, 1956-09-28 
10, 1956-09-27 
11.1, 1956-09-26 
11.1, 1956-09-25 
12.2, 1956-09-24 
12.2, 1956-09-23 
14.4, 1956-09-22 
13.3, 1956-09-21 
8.3, 1956-09-20 
8.9, 1956-09-19 
8.9, 1956-09-18 
8.9, 1956-09-17 
9.4, 1956-09-16 
9.4, 1956-09-15 
10.6, 1956-09-14 
14.4, 1956-09-13 
9.4, 1956-09-12 
11.7, 1956-09-11 
11.1, 1956-09-10 
10, 1956-09-09 
10.6, 1956-09-08 
12.8, 1956-09-07 
12.2, 1956-09-06 
12.2, 1956-09-05 
8.3, 1956-09-04 
8.9, 1956-09-03 
12.8, 1956-09-02 
9.4, 1956-09-01 
7.8, 1956-08-31 
7.8, 1956-08-30 
8.9, 1956-08-29 
8.9, 1956-08-28 
9.4, 1956-08-27 
9.4, 1956-08-26 
9.4, 1956-08-25 
9.4, 1956-08-24 
6.7, 1956-08-23 
8.9, 1956-08-22 
8.9, 1956-08-21 
10, 1956-08-20 
12.2, 1956-08-19 
13.3, 1956-08-18 
13.3, 1956-08-17 
12.8, 1956-08-16 
10, 1956-08-15 
10, 1956-08-14 
11.1, 1956-08-13 
10.6, 1956-08-12 
11.7, 1956-08-11 
13.9, 1956-08-10 
10.6, 1956-08-09 
10, 1956-08-08 
11.7, 1956-08-07 
9.4, 1956-08-06 
10, 1956-08-05 
11.1, 1956-08-04 
11.1, 1956-08-03 
12.2, 1956-08-02 
7.2, 1956-08-01 
9.4, 1956-07-31 
10, 1956-07-30 
12.2, 1956-07-29 
12.2, 1956-07-28 
13.3, 1956-07-27 
13.3, 1956-07-26 
15, 1956-07-25 
16.1, 1956-07-24 
13.3, 1956-07-23 
11.1, 1956-07-22 
12.8, 1956-07-21 
13.3, 1956-07-20 
13.3, 1956-07-19 
12.8, 1956-07-18 
13.3, 1956-07-17 
13.3, 1956-07-16 
13.9, 1956-07-15 
12.8, 1956-07-14 
11.1, 1956-07-13 
8.9, 1956-07-12 
9.4, 1956-07-11 
10.6, 1956-07-10 
11.1, 1956-07-09 
15.6, 1956-07-08 
13.3, 1956-07-07 
12.8, 1956-07-06 
14.4, 1956-07-05 
12.2, 1956-07-04 
10, 1956-07-03 
11.1, 1956-07-02 
11.7, 1956-07-01 
10.6, 1956-06-30 
10, 1956-06-29 
10, 1956-06-28 
8.3, 1956-06-27 
11.1, 1956-06-26 
9.4, 1956-06-25 
10, 1956-06-24 
11.7, 1956-06-23 
10.6, 1956-06-22 
9.4, 1956-06-21 
10, 1956-06-20 
10.6, 1956-06-19 
7.2, 1956-06-18 
8.3, 1956-06-17 
8.3, 1956-06-16 
7.2, 1956-06-15 
7.2, 1956-06-14 
7.2, 1956-06-13 
8.9, 1956-06-12 
11.1, 1956-06-11 
8.9, 1956-06-10 
7.8, 1956-06-09 
7.2, 1956-06-08 
8.3, 1956-06-07 
7.2, 1956-06-06 
7.8, 1956-06-05 
8.9, 1956-06-04 
10, 1956-06-03 
10.6, 1956-06-02 
11.1, 1956-06-01 
11.1, 1956-05-31 
10.6, 1956-05-30 
10, 1956-05-29 
5.6, 1956-05-28 
3.9, 1956-05-27 
5.6, 1956-05-26 
8.9, 1956-05-25 
8.3, 1956-05-24 
7.2, 1956-05-23 
5, 1956-05-22 
5, 1956-05-21 
4.4, 1956-05-20 
4.4, 1956-05-19 
4.4, 1956-05-18 
6.7, 1956-05-17 
10.6, 1956-05-16 
6.1, 1956-05-15 
9.4, 1956-05-14 
7.8, 1956-05-13 
7.2, 1956-05-12 
6.1, 1956-05-11 
8.3, 1956-05-10 
10.6, 1956-05-09 
9.4, 1956-05-08 
10, 1956-05-07 
11.1, 1956-05-06 
7.8, 1956-05-05 
10.6, 1956-05-04 
7.2, 1956-05-03 
8.3, 1956-05-02 
3.9, 1956-05-01 
2.8, 1956-04-30 
2.8, 1956-04-29 
2.8, 1956-04-28 
3.3, 1956-04-27 
1.7, 1956-04-26 
1.7, 1956-04-25 
4.4, 1956-04-24 
1.7, 1956-04-23 
1.7, 1956-04-22 
-0.6, 1956-04-21 
0.6, 1956-04-20 
2.2, 1956-04-19 
1.7, 1956-04-18 
2.2, 1956-04-17 
1.1, 1956-04-16 
1.7, 1956-04-15 
2.8, 1956-04-14 
3.3, 1956-04-13 
3.9, 1956-04-12 
2.8, 1956-04-11 
4.4, 1956-04-10 
7.2, 1956-04-09 
3.3, 1956-04-08 
1.7, 1956-04-07 
0.6, 1956-04-06 
2.2, 1956-04-05 
2.2, 1956-04-04 
3.3, 1956-04-03 
2.8, 1956-04-02 
3.3, 1956-04-01 
3.9, 1956-03-31 
4.4, 1956-03-30 
3.9, 1956-03-29 
2.8, 1956-03-28 
2.8, 1956-03-27 
4.4, 1956-03-26 
4.4, 1956-03-25 
6.1, 1956-03-24 
2.8, 1956-03-23 
4.4, 1956-03-22 
5, 1956-03-21 
0.6, 1956-03-20 
0.6, 1956-03-19 
-1.7, 1956-03-18 
0, 1956-03-17 
0, 1956-03-16 
0, 1956-03-15 
-2.2, 1956-03-14 
-2.2, 1956-03-13 
-2.8, 1956-03-12 
-2.8, 1956-03-11 
-2.8, 1956-03-10 
-1.1, 1956-03-09 
1.1, 1956-03-08 
1.1, 1956-03-07 
2.2, 1956-03-06 
1.7, 1956-03-05 
3.3, 1956-03-04 
6.7, 1956-03-03 
7.2, 1956-03-02 
4.4, 1956-03-01 
4.4, 1956-02-29 
0, 1956-02-28 
-0.6, 1956-02-27 
-0.6, 1956-02-26 
-5.6, 1956-02-25 
-6.7, 1956-02-24 
-3.3, 1956-02-23 
-3.3, 1956-02-22 
-3.9, 1956-02-21 
-4.4, 1956-02-20 
-5, 1956-02-19 
-2.8, 1956-02-18 
-3.3, 1956-02-17 
-3.3, 1956-02-16 
-2.2, 1956-02-15 
-2.8, 1956-02-14 
-2.2, 1956-02-13 
-1.1, 1956-02-12 
-3.9, 1956-02-11 
-3.9, 1956-02-10 
-4.4, 1956-02-09 
2.8, 1956-02-08 
-0.6, 1956-02-07 
2.2, 1956-02-06 
1.7, 1956-02-05 
-11.7, 1956-02-04 
-14.4, 1956-02-03 
-9.4, 1956-02-02 
-7.8, 1956-02-01 
-5.6, 1956-01-31 
1.7, 1956-01-30 
5.6, 1956-01-29 
2.2, 1956-01-28 
0.6, 1956-01-27 
0.6, 1956-01-26 
-1.7, 1956-01-25 
-0.6, 1956-01-24 
0, 1956-01-23 
1.1, 1956-01-22 
2.8, 1956-01-21 
5, 1956-01-20 
-0.6, 1956-01-19 
0, 1956-01-18 
2.8, 1956-01-17 
2.2, 1956-01-16 
2.8, 1956-01-15 
-0.6, 1956-01-14 
-0.6, 1956-01-13 
2.2, 1956-01-12 
3.3, 1956-01-11 
-2.8, 1956-01-10 
-2.8, 1956-01-09 
0, 1956-01-08 
1.1, 1956-01-07 
-0.6, 1956-01-06 
0, 1956-01-05 
2.2, 1956-01-04 
-0.6, 1956-01-03 
2.8, 1956-01-02 
3.3, 1956-01-01 
1.1, 1955-12-31 
0.6, 1955-12-30 
1.1, 1955-12-29 
7.8, 1955-12-28 
5.6, 1955-12-27 
5.6, 1955-12-26 
3.3, 1955-12-25 
4.4, 1955-12-24 
4.4, 1955-12-23 
-4.4, 1955-12-22 
1.1, 1955-12-21 
0.6, 1955-12-20 
-3.3, 1955-12-19 
0, 1955-12-18 
1.7, 1955-12-17 
6.1, 1955-12-16 
6.7, 1955-12-15 
5.6, 1955-12-14 
-1.7, 1955-12-13 
-2.2, 1955-12-12 
0.6, 1955-12-11 
5, 1955-12-10 
1.7, 1955-12-09 
1.1, 1955-12-08 
6.1, 1955-12-07 
7.8, 1955-12-06 
2.2, 1955-12-05 
2.8, 1955-12-04 
6.1, 1955-12-03 
2.8, 1955-12-02 
3.9, 1955-12-01 
0.6, 1955-11-30 
2.8, 1955-11-29 
5.6, 1955-11-28 
6.1, 1955-11-27 
2.8, 1955-11-26 
2.2, 1955-11-25 
4.4, 1955-11-24 
5, 1955-11-23 
5, 1955-11-22 
7.2, 1955-11-21 
5, 1955-11-20 
5, 1955-11-19 
5.6, 1955-11-18 
6.7, 1955-11-17 
6.7, 1955-11-16 
4.4, 1955-11-15 
6.1, 1955-11-14 
7.8, 1955-11-13 
7.2, 1955-11-12 
9.4, 1955-11-11 
9.4, 1955-11-10 
10, 1955-11-09 
8.3, 1955-11-08 
8.9, 1955-11-07 
9.4, 1955-11-06 
6.7, 1955-11-05 
9.4, 1955-11-04 
7.2, 1955-11-03 
-1.7, 1955-11-02 
-1.1, 1955-11-01 
1.7, 1955-10-31 
3.9, 1955-10-30 
1.1, 1955-10-29 
2.2, 1955-10-28 
3.9, 1955-10-27 
5, 1955-10-26 
7.8, 1955-10-25 
6.1, 1955-10-24 
8.3, 1955-10-23 
6.7, 1955-10-22 
6.7, 1955-10-21 
7.8, 1955-10-20 
5, 1955-10-19 
2.8, 1955-10-18 
2.8, 1955-10-17 
1.7, 1955-10-16 
5.6, 1955-10-15 
10, 1955-10-14 
7.8, 1955-10-13 
6.7, 1955-10-12 
5.6, 1955-10-11 
7.8, 1955-10-10 
8.3, 1955-10-09 
9.4, 1955-10-08 
7.8, 1955-10-07 
9.4, 1955-10-06 
8.9, 1955-10-05 
5.6, 1955-10-04 
7.8, 1955-10-03 
8.3, 1955-10-02 
8.3, 1955-10-01 
10, 1955-09-30 
226.7, 1955-09-29 
8.9, 1955-09-28 
8.9, 1955-09-27 
8.3, 1955-09-26 
11.1, 1955-09-25 
10.6, 1955-09-24 
11.7, 1955-09-23 
16.1, 1955-09-22 
6.1, 1955-09-21 
7.2, 1955-09-20 
6.7, 1955-09-19 
10.6, 1955-09-18 
7.2, 1955-09-17 
11.1, 1955-09-16 
6.7, 1955-09-15 
7.8, 1955-09-14 
8.9, 1955-09-13 
8.9, 1955-09-12 
10.6, 1955-09-11 
10.6, 1955-09-10 
12.2, 1955-09-09 
12.8, 1955-09-08 
8.9, 1955-09-07 
10.6, 1955-09-06 
12.2, 1955-09-05 
10.6, 1955-09-04 
10.6, 1955-09-03 
15.6, 1955-09-02 
11.7, 1955-09-01 
13.9, 1955-08-31 
11.1, 1955-08-30 
12.2, 1955-08-29 
15, 1955-08-28 
15.6, 1955-08-27 
12.8, 1955-08-26 
14.4, 1955-08-25 
15.6, 1955-08-24 
14.4, 1955-08-23 
13.9, 1955-08-22 
14.4, 1955-08-21 
15.6, 1955-08-20 
17.2, 1955-08-19 
13.3, 1955-08-18 
13.9, 1955-08-17 
13.9, 1955-08-16 
11.1, 1955-08-15 
13.3, 1955-08-14 
14.4, 1955-08-13 
13.9, 1955-08-12 
14.4, 1955-08-11 
11.1, 1955-08-10 
10.6, 1955-08-09 
10.6, 1955-08-08 
12.2, 1955-08-07 
11.7, 1955-08-06 
10, 1955-08-05 
11.1, 1955-08-04 
12.2, 1955-08-03 
13.9, 1955-08-02 
9.4, 1955-08-01 
10, 1955-07-31 
11.1, 1955-07-30 
13.9, 1955-07-29 
13.9, 1955-07-28 
12.8, 1955-07-27 
12.2, 1955-07-26 
12.8, 1955-07-25 
13.3, 1955-07-24 
10, 1955-07-23 
11.1, 1955-07-22 
13.9, 1955-07-21 
11.1, 1955-07-20 
11.7, 1955-07-19 
12.8, 1955-07-18 
13.3, 1955-07-17 
13.9, 1955-07-16 
13.3, 1955-07-15 
13.9, 1955-07-14 
14.4, 1955-07-13 
12.8, 1955-07-12 
12.2, 1955-07-11 
11.7, 1955-07-10 
11.7, 1955-07-09 
11.7, 1955-07-08 
10, 1955-07-07 
10.6, 1955-07-06 
10.6, 1955-07-05 
9.4, 1955-07-04 
10.6, 1955-07-03 
9.4, 1955-07-02 
10.6, 1955-07-01 
10.6, 1955-06-30 
13.3, 1955-06-29 
11.7, 1955-06-28 
13.3, 1955-06-27 
11.1, 1955-06-26 
11.7, 1955-06-25 
13.3, 1955-06-24 
15, 1955-06-23 
11.7, 1955-06-22 
11.1, 1955-06-21 
10.6, 1955-06-20 
6.7, 1955-06-19 
5.6, 1955-06-18 
5.6, 1955-06-17 
8.3, 1955-06-16 
9.4, 1955-06-15 
10.6, 1955-06-14 
9.4, 1955-06-13 
8.9, 1955-06-12 
7.2, 1955-06-11 
6.7, 1955-06-10 
7.2, 1955-06-09 
8.9, 1955-06-08 
8.9, 1955-06-07 
8.9, 1955-06-06 
6.7, 1955-06-05 
9.4, 1955-06-04 
8.9, 1955-06-03 
6.1, 1955-06-02 
3.9, 1955-06-01 
4.4, 1955-05-31 
5, 1955-05-30 
6.1, 1955-05-29 
5, 1955-05-28 
6.1, 1955-05-27 
3.9, 1955-05-26 
3.3, 1955-05-25 
5, 1955-05-24 
7.8, 1955-05-23 
4.4, 1955-05-22 
2.8, 1955-05-21 
3.3, 1955-05-20 
3.3, 1955-05-19 
1.7, 1955-05-18 
4.4, 1955-05-17 
3.3, 1955-05-16 
3.3, 1955-05-15 
4.4, 1955-05-14 
7.8, 1955-05-13 
6.7, 1955-05-12 
2.8, 1955-05-11 
4.4, 1955-05-10 
9.4, 1955-05-09 
6.7, 1955-05-08 
7.8, 1955-05-07 
6.7, 1955-05-06 
8.3, 1955-05-05 
8.9, 1955-05-04 
6.7, 1955-05-03 
7.8, 1955-05-02 
6.7, 1955-05-01 
9.4, 1955-04-30 
11.1, 1955-04-29 
10.6, 1955-04-28 
6.1, 1955-04-27 
5.6, 1955-04-26 
0.6, 1955-04-25 
1.7, 1955-04-24 
5.6, 1955-04-23 
4.4, 1955-04-22 
3.9, 1955-04-21 
3.3, 1955-04-20 
2.2, 1955-04-19 
3.9, 1955-04-18 
5, 1955-04-17 
3.3, 1955-04-16 
3.9, 1955-04-15 
5, 1955-04-14 
7.2, 1955-04-13 
10, 1955-04-12 
8.9, 1955-04-11 
7.2, 1955-04-10 
7.8, 1955-04-09 
8.9, 1955-04-08 
4.4, 1955-04-07 
5.6, 1955-04-06 
7.8, 1955-04-05 
6.1, 1955-04-04 
5.6, 1955-04-03 
1.7, 1955-04-02 
2.2, 1955-04-01 
-2.8, 1955-03-31 
-2.8, 1955-03-30 
0.6, 1955-03-29 
0, 1955-03-28 
1.7, 1955-03-27 
3.9, 1955-03-26 
5.6, 1955-03-25 
6.7, 1955-03-24 
1.1, 1955-03-23 
-4.4, 1955-03-22 
-1.7, 1955-03-21 
-3.9, 1955-03-20 
-1.7, 1955-03-19 
-0.6, 1955-03-18 
0, 1955-03-17 
2.2, 1955-03-16 
3.3, 1955-03-15 
1.1, 1955-03-14 
-2.2, 1955-03-13 
-0.6, 1955-03-12 
0, 1955-03-11 
-1.7, 1955-03-10 
-1.1, 1955-03-09 
-1.1, 1955-03-08 
-1.7, 1955-03-07 
-0.6, 1955-03-06 
0, 1955-03-05 
0, 1955-03-04 
-2.8, 1955-03-03 
-7.8, 1955-03-02 
-5.6, 1955-03-01 
-7.2, 1955-02-28 
-7.2, 1955-02-27 
-5.6, 1955-02-26 
-1.1, 1955-02-25 
-1.1, 1955-02-24 
-0.6, 1955-02-23 
-1.7, 1955-02-22 
-8.9, 1955-02-21 
-8.3, 1955-02-20 
-2.2, 1955-02-19 
-5.6, 1955-02-18 
-6.1, 1955-02-17 
-1.1, 1955-02-16 
-1.7, 1955-02-15 
-2.2, 1955-02-14 
-0.6, 1955-02-13 
-1.7, 1955-02-12 
-1.1, 1955-02-11 
0.6, 1955-02-10 
1.1, 1955-02-09 
4.4, 1955-02-08 
0, 1955-02-07 
0, 1955-02-06 
3.3, 1955-02-05 
1.7, 1955-02-04 
2.8, 1955-02-03 
2.8, 1955-02-02 
4.4, 1955-02-01 
5.6, 1955-01-31 
5.6, 1955-01-30 
7.2, 1955-01-29 
1.7, 1955-01-28 
3.3, 1955-01-27 
1.7, 1955-01-26 
3.3, 1955-01-25 
2.2, 1955-01-24 
2.8, 1955-01-23 
3.3, 1955-01-22 
1.1, 1955-01-21 
-6.1, 1955-01-20 
-3.9, 1955-01-19 
-3.3, 1955-01-18 
-4.4, 1955-01-17 
-3.3, 1955-01-16 
-4.4, 1955-01-15 
-3.9, 1955-01-14 
-3.3, 1955-01-13 
-4.4, 1955-01-12 
-2.8, 1955-01-11 
1.7, 1955-01-10 
-1.7, 1955-01-09 
-1.1, 1955-01-08 
0, 1955-01-07 
1.1, 1955-01-06 
0, 1955-01-05 
0, 1955-01-04 
1.1, 1955-01-03 
1.7, 1955-01-02 
-0.6, 1955-01-01 
0, 1954-12-31 
6.1, 1954-12-30 
6.7, 1954-12-29 
8.9, 1954-12-28 
7.8, 1954-12-27 
7.8, 1954-12-26 
1.7, 1954-12-25 
0.6, 1954-12-24 
2.2, 1954-12-23 
6.1, 1954-12-22 
3.3, 1954-12-21 
4.4, 1954-12-20 
6.7, 1954-12-19 
2.2, 1954-12-18 
2.2, 1954-12-17 
-2.2, 1954-12-16 
1.7, 1954-12-15 
4.4, 1954-12-14 
2.2, 1954-12-13 
-1.1, 1954-12-12 
-2.8, 1954-12-11 
0, 1954-12-10 
3.9, 1954-12-09 
-1.1, 1954-12-08 
-1.7, 1954-12-07 
0, 1954-12-06 
2.8, 1954-12-05 
6.1, 1954-12-04 
7.2, 1954-12-03 
7.8, 1954-12-02 
4.4, 1954-12-01 
6.7, 1954-11-30 
2.8, 1954-11-29 
5, 1954-11-28 
7.2, 1954-11-27 
2.2, 1954-11-26 
6.1, 1954-11-25 
2.8, 1954-11-24 
4.4, 1954-11-23 
3.9, 1954-11-22 
1.7, 1954-11-21 
5.6, 1954-11-20 
4.4, 1954-11-19 
-1.1, 1954-11-18 
1.7, 1954-11-17 
2.2, 1954-11-16 
2.2, 1954-11-15 
2.8, 1954-11-14 
1.7, 1954-11-13 
4.4, 1954-11-12 
3.3, 1954-11-11 
2.2, 1954-11-10 
2.2, 1954-11-09 
1.1, 1954-11-08 
5, 1954-11-07 
7.8, 1954-11-06 
6.1, 1954-11-05 
6.1, 1954-11-04 
7.2, 1954-11-03 
7.2, 1954-11-02 
6.7, 1954-11-01 
4.4, 1954-10-31 
6.7, 1954-10-30 
8.9, 1954-10-29 
10, 1954-10-28 
9.4, 1954-10-27 
0.6, 1954-10-26 
3.3, 1954-10-25 
6.7, 1954-10-24 
6.7, 1954-10-23 
6.7, 1954-10-22 
7.8, 1954-10-21 
7.8, 1954-10-20 
11.1, 1954-10-19 
14.4, 1954-10-18 
14.4, 1954-10-17 
10.6, 1954-10-16 
12.2, 1954-10-15 
11.1, 1954-10-14 
11.7, 1954-10-13 
6.1, 1954-10-12 
4.4, 1954-10-11 
7.2, 1954-10-10 
10, 1954-10-09 
8.3, 1954-10-08 
7.2, 1954-10-07 
8.9, 1954-10-06 
12.8, 1954-10-05 
9.4, 1954-10-04 
12.8, 1954-10-03 
13.9, 1954-10-02 
10.6, 1954-10-01 
5, 1954-09-30 
4.4, 1954-09-29 
4.4, 1954-09-28 
5.6, 1954-09-27 
6.1, 1954-09-26 
6.1, 1954-09-25 
11.7, 1954-09-24 
3.9, 1954-09-23 
7.2, 1954-09-22 
7.8, 1954-09-21 
7.8, 1954-09-20 
7.8, 1954-09-19 
6.1, 1954-09-18 
8.9, 1954-09-17 
10, 1954-09-16 
10.6, 1954-09-15 
8.3, 1954-09-14 
6.7, 1954-09-13 
9.4, 1954-09-12 
10, 1954-09-11 
12.2, 1954-09-10 
11.7, 1954-09-09 
11.1, 1954-09-08 
10.6, 1954-09-07 
7.2, 1954-09-06 
5, 1954-09-05 
7.2, 1954-09-04 
13.9, 1954-09-03 
15.6, 1954-09-02 
11.7, 1954-09-01 
15, 1954-08-31 
12.8, 1954-08-30 
10.6, 1954-08-29 
12.2, 1954-08-28 
9.4, 1954-08-27 
11.1, 1954-08-26 
13.3, 1954-08-25 
11.7, 1954-08-24 
11.7, 1954-08-23 
12.2, 1954-08-22 
11.1, 1954-08-21 
12.2, 1954-08-20 
11.7, 1954-08-19 
12.8, 1954-08-18 
10.6, 1954-08-17 
11.7, 1954-08-16 
8.9, 1954-08-15 
8.3, 1954-08-14 
11.1, 1954-08-13 
8.9, 1954-08-12 
11.1, 1954-08-11 
10.6, 1954-08-10 
10.6, 1954-08-09 
11.1, 1954-08-08 
10, 1954-08-07 
13.3, 1954-08-06 
12.8, 1954-08-05 
12.2, 1954-08-04 
13.9, 1954-08-03 
14.4, 1954-08-02 
10.6, 1954-08-01 
11.1, 1954-07-31 
10, 1954-07-30 
11.1, 1954-07-29 
9.4, 1954-07-28 
11.1, 1954-07-27 
11.1, 1954-07-26 
14.4, 1954-07-25 
15, 1954-07-24 
10.6, 1954-07-23 
12.2, 1954-07-22 
12.8, 1954-07-21 
11.1, 1954-07-20 
11.7, 1954-07-19 
12.2, 1954-07-18 
13.3, 1954-07-17 
10, 1954-07-16 
11.1, 1954-07-15 
12.8, 1954-07-14 
11.7, 1954-07-13 
11.1, 1954-07-12 
12.2, 1954-07-11 
12.8, 1954-07-10 
13.3, 1954-07-09 
8.9, 1954-07-08 
8.3, 1954-07-07 
7.8, 1954-07-06 
8.3, 1954-07-05 
7.2, 1954-07-04 
9.4, 1954-07-03 
11.1, 1954-07-02 
11.7, 1954-07-01 
6.1, 1954-06-30 
7.2, 1954-06-29 
10, 1954-06-28 
8.3, 1954-06-27 
10.6, 1954-06-26 
12.2, 1954-06-25 
10, 1954-06-24 
11.7, 1954-06-23 
13.3, 1954-06-22 
10.6, 1954-06-21 
12.2, 1954-06-20 
11.7, 1954-06-19 
13.9, 1954-06-18 
10.6, 1954-06-17 
12.8, 1954-06-16 
9.4, 1954-06-15 
9.4, 1954-06-14 
8.9, 1954-06-13 
8.9, 1954-06-12 
10, 1954-06-11 
12.2, 1954-06-10 
11.1, 1954-06-09 
10, 1954-06-08 
10, 1954-06-07 
11.1, 1954-06-06 
8.9, 1954-06-05 
9.4, 1954-06-04 
8.9, 1954-06-03 
8.9, 1954-06-02 
8.9, 1954-06-01 
8.9, 1954-05-31 
9.4, 1954-05-30 
10, 1954-05-29 
12.8, 1954-05-28 
11.7, 1954-05-27 
11.7, 1954-05-26 
10, 1954-05-25 
4.4, 1954-05-24 
5.6, 1954-05-23 
6.7, 1954-05-22 
7.2, 1954-05-21 
6.7, 1954-05-20 
6.7, 1954-05-19 
6.7, 1954-05-18 
7.2, 1954-05-17 
7.2, 1954-05-16 
7.8, 1954-05-15 
9.4, 1954-05-14 
8.9, 1954-05-13 
10, 1954-05-12 
10, 1954-05-11 
8.3, 1954-05-10 
5, 1954-05-09 
1.7, 1954-05-08 
2.8, 1954-05-07 
4.4, 1954-05-06 
5.6, 1954-05-05 
2.8, 1954-05-04 
2.8, 1954-05-03 
3.9, 1954-05-02 
5.6, 1954-05-01 
5.6, 1954-04-30 
3.3, 1954-04-29 
3.9, 1954-04-28 
1.1, 1954-04-27 
1.7, 1954-04-26 
4.4, 1954-04-25 
5, 1954-04-24 
3.3, 1954-04-23 
3.3, 1954-04-22 
2.2, 1954-04-21 
2.8, 1954-04-20 
3.9, 1954-04-19 
4.4, 1954-04-18 
2.8, 1954-04-17 
3.9, 1954-04-16 
6.1, 1954-04-15 
4.4, 1954-04-14 
3.3, 1954-04-13 
3.9, 1954-04-12 
-1.1, 1954-04-11 
0.6, 1954-04-10 
1.7, 1954-04-09 
1.7, 1954-04-08 
2.2, 1954-04-07 
2.2, 1954-04-06 
1.1, 1954-04-05 
2.8, 1954-04-04 
8.3, 1954-04-03 
4.4, 1954-04-02 
3.3, 1954-04-01 
4.4, 1954-03-31 
3.3, 1954-03-30 
2.8, 1954-03-29 
2.2, 1954-03-28 
2.8, 1954-03-27 
5, 1954-03-26 
3.3, 1954-03-25 
3.9, 1954-03-24 
7.2, 1954-03-23 
7.8, 1954-03-22 
5, 1954-03-21 
6.1, 1954-03-20 
2.8, 1954-03-19 
1.1, 1954-03-18 
2.2, 1954-03-17 
1.1, 1954-03-16 
1.1, 1954-03-15 
1.7, 1954-03-14 
1.7, 1954-03-13 
1.7, 1954-03-12 
1.7, 1954-03-11 
3.9, 1954-03-10 
1.1, 1954-03-09 
1.7, 1954-03-08 
3.3, 1954-03-07 
0.6, 1954-03-06 
0.6, 1954-03-05 
0.6, 1954-03-04 
-2.2, 1954-03-03 
-6.7, 1954-03-02 
-6.7, 1954-03-01 
-0.6, 1954-02-28 
-0.6, 1954-02-27 
1.1, 1954-02-26 
1.1, 1954-02-25 
0, 1954-02-24 
3.3, 1954-02-23 
6.1, 1954-02-22 
-0.6, 1954-02-21 
0, 1954-02-20 
3.3, 1954-02-19 
-1.1, 1954-02-18 
0, 1954-02-17 
0.6, 1954-02-16 
1.1, 1954-02-15 
1.7, 1954-02-14 
3.3, 1954-02-13 
1.1, 1954-02-12 
-0.6, 1954-02-11 
0.6, 1954-02-10 
-7.8, 1954-02-09 
-4.4, 1954-02-08 
-5, 1954-02-07 
-6.1, 1954-02-06 
-5, 1954-02-05 
-4.4, 1954-02-04 
-3.3, 1954-02-03 
-7.8, 1954-02-02 
-7.2, 1954-02-01 
-7.2, 1954-01-31 
-4.4, 1954-01-30 
-2.8, 1954-01-29 
-6.1, 1954-01-28 
-3.9, 1954-01-27 
-2.8, 1954-01-26 
-2.2, 1954-01-25 
-1.1, 1954-01-24 
0, 1954-01-23 
1.7, 1954-01-22 
1.7, 1954-01-21 
5.6, 1954-01-20 
4.4, 1954-01-19 
-1.1, 1954-01-18 
2.2, 1954-01-17 
3.3, 1954-01-16 
6.7, 1954-01-15 
1.7, 1954-01-14 
1.1, 1954-01-13 
3.3, 1954-01-12 
3.9, 1954-01-11 
2.8, 1954-01-10 
2.8, 1954-01-09 
0.6, 1954-01-08 
0.6, 1954-01-07 
0, 1954-01-06 
0.6, 1954-01-05 
1.7, 1954-01-04 
3.3, 1954-01-03 
1.7, 1954-01-02 
2.8, 1954-01-01 
2.8, 1953-12-31 
2.8, 1953-12-30 
3.3, 1953-12-29 
3.9, 1953-12-28 
3.9, 1953-12-27 
1.7, 1953-12-26 
2.8, 1953-12-25 
3.9, 1953-12-24 
4.4, 1953-12-23 
3.3, 1953-12-22 
0, 1953-12-21 
1.7, 1953-12-20 
6.1, 1953-12-19 
6.1, 1953-12-18 
7.2, 1953-12-17 
2.8, 1953-12-16 
0.6, 1953-12-15 
8.3, 1953-12-14 
7.2, 1953-12-13 
7.2, 1953-12-12 
4.4, 1953-12-11 
4.4, 1953-12-10 
6.7, 1953-12-09 
7.8, 1953-12-08 
8.3, 1953-12-07 
8.9, 1953-12-06 
8.9, 1953-12-05 
8.9, 1953-12-04 
9.4, 1953-12-03 
7.2, 1953-12-02 
2.2, 1953-12-01 
5.6, 1953-11-30 
7.2, 1953-11-29 
8.3, 1953-11-28 
8.3, 1953-11-27 
4.4, 1953-11-26 
4.4, 1953-11-25 
3.3, 1953-11-24 
3.3, 1953-11-23 
3.9, 1953-11-22 
6.1, 1953-11-21 
4.4, 1953-11-20 
6.1, 1953-11-19 
8.3, 1953-11-18 
6.1, 1953-11-17 
6.1, 1953-11-16 
8.9, 1953-11-15 
10, 1953-11-14 
9.4, 1953-11-13 
9.4, 1953-11-12 
4.4, 1953-11-11 
1.1, 1953-11-10 
4.4, 1953-11-09 
6.1, 1953-11-08 
7.2, 1953-11-07 
3.3, 1953-11-06 
0.6, 1953-11-05 
2.8, 1953-11-04 
1.7, 1953-11-03 
3.3, 1953-11-02 
9.4, 1953-11-01 
1.7, 1953-10-31 
1.1, 1953-10-30 
3.3, 1953-10-29 
5.6, 1953-10-28 
7.8, 1953-10-27 
5, 1953-10-26 
9.4, 1953-10-25 
4.4, 1953-10-24 
11.1, 1953-10-23 
7.2, 1953-10-22 
7.2, 1953-10-21 
8.3, 1953-10-20 
10, 1953-10-19 
10.6, 1953-10-18 
8.3, 1953-10-17 
5, 1953-10-16 
9.4, 1953-10-15 
10, 1953-10-14 
11.7, 1953-10-13 
3.3, 1953-10-12 
2.8, 1953-10-11 
3.9, 1953-10-10 
7.2, 1953-10-09 
8.9, 1953-10-08 
10, 1953-10-07 
5.6, 1953-10-06 
6.7, 1953-10-05 
8.9, 1953-10-04 
10, 1953-10-03 
10.6, 1953-10-02 
13.3, 1953-10-01 
12.2, 1953-09-30 
6.1, 1953-09-29 
8.3, 1953-09-28 
5, 1953-09-27 
8.3, 1953-09-26 
8.3, 1953-09-25 
8.3, 1953-09-24 
8.9, 1953-09-23 
10.6, 1953-09-22 
12.8, 1953-09-21 
12.8, 1953-09-20 
7.8, 1953-09-19 
8.3, 1953-09-18 
11.1, 1953-09-17 
12.2, 1953-09-16 
10, 1953-09-15 
6.1, 1953-09-14 
7.2, 1953-09-13 
9.4, 1953-09-12 
6.7, 1953-09-11 
8.9, 1953-09-10 
12.2, 1953-09-09 
8.3, 1953-09-08 
10, 1953-09-07 
10.6, 1953-09-06 
10, 1953-09-05 
10.6, 1953-09-04 
11.1, 1953-09-03 
13.9, 1953-09-02 
12.8, 1953-09-01 
12.8, 1953-08-31 
13.9, 1953-08-30 
12.2, 1953-08-29 
11.7, 1953-08-28 
8.9, 1953-08-27 
10.6, 1953-08-26 
12.2, 1953-08-25 
13.9, 1953-08-24 
10, 1953-08-23 
11.1, 1953-08-22 
10, 1953-08-21 
13.3, 1953-08-20 
9.4, 1953-08-19 
12.8, 1953-08-18 
10, 1953-08-17 
11.7, 1953-08-16 
11.7, 1953-08-15 
13.9, 1953-08-14 
15.6, 1953-08-13 
14.4, 1953-08-12 
12.2, 1953-08-11 
14.4, 1953-08-10 
12.2, 1953-08-09 
13.3, 1953-08-08 
12.8, 1953-08-07 
12.8, 1953-08-06 
15, 1953-08-05 
12.2, 1953-08-04 
11.7, 1953-08-03 
11.1, 1953-08-02 
8.9, 1953-08-01 
10.6, 1953-07-31 
11.7, 1953-07-30 
10.6, 1953-07-29 
11.7, 1953-07-28 
10.6, 1953-07-27 
11.7, 1953-07-26 
10.6, 1953-07-25 
10.6, 1953-07-24 
11.7, 1953-07-23 
12.8, 1953-07-22 
13.9, 1953-07-21 
12.2, 1953-07-20 
8.3, 1953-07-19 
12.2, 1953-07-18 
12.8, 1953-07-17 
10.6, 1953-07-16 
11.1, 1953-07-15 
11.7, 1953-07-14 
12.8, 1953-07-13 
11.7, 1953-07-12 
10, 1953-07-11 
10.6, 1953-07-10 
11.7, 1953-07-09 
11.1, 1953-07-08 
12.8, 1953-07-07 
15.6, 1953-07-06 
12.8, 1953-07-05 
12.8, 1953-07-04 
12.8, 1953-07-03 
11.7, 1953-07-02 
12.8, 1953-07-01 
13.3, 1953-06-30 
13.3, 1953-06-29 
12.8, 1953-06-28 
12.8, 1953-06-27 
12.8, 1953-06-26 
12.8, 1953-06-25 
13.9, 1953-06-24 
14.4, 1953-06-23 
15, 1953-06-22 
13.3, 1953-06-21 
14.4, 1953-06-20 
9.4, 1953-06-19 
9.4, 1953-06-18 
10.6, 1953-06-17 
10.6, 1953-06-16 
11.7, 1953-06-15 
10.6, 1953-06-14 
10.6, 1953-06-13 
11.1, 1953-06-12 
8.9, 1953-06-11 
9.4, 1953-06-10 
8.9, 1953-06-09 
7.8, 1953-06-08 
7.8, 1953-06-07 
6.7, 1953-06-06 
7.8, 1953-06-05 
7.8, 1953-06-04 
8.3, 1953-06-03 
6.7, 1953-06-02 
6.7, 1953-06-01 
9.4, 1953-05-31 
10, 1953-05-30 
8.9, 1953-05-29 
8.9, 1953-05-28 
10.6, 1953-05-27 
14.4, 1953-05-26 
12.8, 1953-05-25 
12.8, 1953-05-24 
18.9, 1953-05-23 
9.4, 1953-05-22 
11.1, 1953-05-21 
8.3, 1953-05-20 
11.7, 1953-05-19 
7.2, 1953-05-18 
8.9, 1953-05-17 
11.1, 1953-05-16 
11.1, 1953-05-15 
7.2, 1953-05-14 
2.8, 1953-05-13 
3.9, 1953-05-12 
1.7, 1953-05-11 
2.8, 1953-05-10 
5, 1953-05-09 
4.4, 1953-05-08 
5, 1953-05-07 
6.7, 1953-05-06 
7.8, 1953-05-05 
5.6, 1953-05-04 
5, 1953-05-03 
5, 1953-05-02 
7.2, 1953-05-01 
6.7, 1953-04-30 
4.4, 1953-04-29 
3.3, 1953-04-28 
5, 1953-04-27 
1.1, 1953-04-26 
2.8, 1953-04-25 
2.2, 1953-04-24 
2.2, 1953-04-23 
3.9, 1953-04-22 
3.3, 1953-04-21 
3.3, 1953-04-20 
3.3, 1953-04-19 
4.4, 1953-04-18 
6.7, 1953-04-17 
4.4, 1953-04-16 
3.3, 1953-04-15 
3.3, 1953-04-14 
2.2, 1953-04-13 
3.9, 1953-04-12 
2.2, 1953-04-11 
2.2, 1953-04-10 
2.2, 1953-04-09 
1.7, 1953-04-08 
3.9, 1953-04-07 
4.4, 1953-04-06 
1.1, 1953-04-05 
1.7, 1953-04-04 
4.4, 1953-04-03 
5, 1953-04-02 
4.4, 1953-04-01 
2.8, 1953-03-31 
3.3, 1953-03-30 
8.3, 1953-03-29 
2.8, 1953-03-28 
1.7, 1953-03-27 
3.9, 1953-03-26 
5, 1953-03-25 
2.2, 1953-03-24 
0, 1953-03-23 
0.6, 1953-03-22 
1.1, 1953-03-21 
1.7, 1953-03-20 
3.3, 1953-03-19 
2.2, 1953-03-18 
-2.2, 1953-03-17 
-1.7, 1953-03-16 
-1.1, 1953-03-15 
-1.7, 1953-03-14 
1.1, 1953-03-13 
4.4, 1953-03-12 
3.9, 1953-03-11 
0.6, 1953-03-10 
0.6, 1953-03-09 
0.6, 1953-03-08 
1.7, 1953-03-07 
2.2, 1953-03-06 
-1.1, 1953-03-05 
-2.2, 1953-03-04 
-2.8, 1953-03-03 
-2.2, 1953-03-02 
0, 1953-03-01 
0.6, 1953-02-28 
2.8, 1953-02-27 
1.7, 1953-02-26 
3.3, 1953-02-25 
4.4, 1953-02-24 
6.7, 1953-02-23 
8.9, 1953-02-22 
8.3, 1953-02-21 
1.1, 1953-02-20 
3.3, 1953-02-19 
5.6, 1953-02-18 
2.2, 1953-02-17 
-3.3, 1953-02-16 
-3.3, 1953-02-15 
-1.7, 1953-02-14 
0, 1953-02-13 
0.6, 1953-02-12 
1.1, 1953-02-11 
0.6, 1953-02-10 
0, 1953-02-09 
-2.2, 1953-02-08 
-1.1, 1953-02-07 
-1.1, 1953-02-06 
1.1, 1953-02-05 
-1.1, 1953-02-04 
1.1, 1953-02-03 
2.2, 1953-02-02 
1.1, 1953-02-01 
1.7, 1953-01-31 
6.1, 1953-01-30 
8.3, 1953-01-29 
8.9, 1953-01-28 
3.9, 1953-01-27 
-1.7, 1953-01-26 
1.7, 1953-01-25 
-0.6, 1953-01-24 
0, 1953-01-23 
1.7, 1953-01-22 
-1.1, 1953-01-21 
-3.3, 1953-01-20 
0, 1953-01-19 
1.1, 1953-01-18 
1.1, 1953-01-17 
2.2, 1953-01-16 
0.6, 1953-01-15 
0, 1953-01-14 
0, 1953-01-13 
1.7, 1953-01-12 
-1.7, 1953-01-11 
-1.7, 1953-01-10 
0.6, 1953-01-09 
0, 1953-01-08 
-1.1, 1953-01-07 
-0.6, 1953-01-06 
-1.7, 1953-01-05 
0.6, 1953-01-04 
0, 1953-01-03 
0.6, 1953-01-02 
0.6, 1953-01-01 
0.6, 1952-12-31 
-1.7, 1952-12-30 
1.7, 1952-12-29 
-2.2, 1952-12-28 
0, 1952-12-27 
1.1, 1952-12-26 
1.7, 1952-12-25 
4.4, 1952-12-24 
2.8, 1952-12-23 
2.2, 1952-12-22 
2.2, 1952-12-21 
3.3, 1952-12-20 
0.6, 1952-12-19 
0.6, 1952-12-18 
1.1, 1952-12-17 
-5.6, 1952-12-16 
-4.4, 1952-12-15 
0, 1952-12-14 
-1.1, 1952-12-13 
-1.1, 1952-12-12 
5, 1952-12-11 
3.9, 1952-12-10 
2.2, 1952-12-09 
-0.6, 1952-12-08 
-0.6, 1952-12-07 
-1.7, 1952-12-06 
-1.7, 1952-12-05 
0, 1952-12-04 
2.8, 1952-12-03 
0, 1952-12-02 
0, 1952-12-01 
0.6, 1952-11-30 
-1.1, 1952-11-29 
1.7, 1952-11-28 
1.7, 1952-11-27 
0, 1952-11-26 
-3.9, 1952-11-25 
-3.3, 1952-11-24 
0.6, 1952-11-23 
0.6, 1952-11-22 
2.2, 1952-11-21 
0.6, 1952-11-20 
3.3, 1952-11-19 
1.1, 1952-11-18 
1.7, 1952-11-17 
1.7, 1952-11-16 
-1.7, 1952-11-15 
1.1, 1952-11-14 
3.9, 1952-11-13 
2.8, 1952-11-12 
3.3, 1952-11-11 
6.1, 1952-11-10 
1.7, 1952-11-09 
2.8, 1952-11-08 
3.9, 1952-11-07 
7.2, 1952-11-06 
6.7, 1952-11-05 
3.3, 1952-11-04 
4.4, 1952-11-03 
6.1, 1952-11-02 
5.6, 1952-11-01 
4.4, 1952-10-31 
4.4, 1952-10-30 
6.7, 1952-10-29 
10, 1952-10-28 
8.3, 1952-10-27 
6.7, 1952-10-26 
8.3, 1952-10-25 
7.8, 1952-10-24 
6.7, 1952-10-23 
3.9, 1952-10-22 
4.4, 1952-10-21 
7.2, 1952-10-20 
6.7, 1952-10-19 
3.3, 1952-10-18 
1.7, 1952-10-17 
3.9, 1952-10-16 
2.8, 1952-10-15 
5, 1952-10-14 
5.6, 1952-10-13 
2.2, 1952-10-12 
3.9, 1952-10-11 
5, 1952-10-10 
6.1, 1952-10-09 
5, 1952-10-08 
7.2, 1952-10-07 
6.7, 1952-10-06 
5, 1952-10-05 
6.7, 1952-10-04 
6.7, 1952-10-03 
9.4, 1952-10-02 
9.4, 1952-10-01 
7.2, 1952-09-30 
7.8, 1952-09-29 
3.3, 1952-09-28 
5.6, 1952-09-27 
6.7, 1952-09-26 
10, 1952-09-25 
11.1, 1952-09-24 
11.7, 1952-09-23 
6.7, 1952-09-22 
8.3, 1952-09-21 
2.8, 1952-09-20 
3.9, 1952-09-19 
4.4, 1952-09-18 
4.4, 1952-09-17 
7.2, 1952-09-16 
9.4, 1952-09-15 
7.2, 1952-09-14 
8.9, 1952-09-13 
10, 1952-09-12 
9.4, 1952-09-11 
8.9, 1952-09-10 
4.4, 1952-09-09 
7.2, 1952-09-08 
6.1, 1952-09-07 
6.7, 1952-09-06 
8.9, 1952-09-05 
9.4, 1952-09-04 
9.4, 1952-09-03 
9.4, 1952-09-02 
9.4, 1952-09-01 
12.2, 1952-08-31 
10.6, 1952-08-30 
8.3, 1952-08-29 
11.7, 1952-08-28 
15.6, 1952-08-27 
12.8, 1952-08-26 
13.9, 1952-08-25 
12.2, 1952-08-24 
10, 1952-08-23 
11.1, 1952-08-22 
11.1, 1952-08-21 
11.7, 1952-08-20 
12.8, 1952-08-19 
9.4, 1952-08-18 
9.4, 1952-08-17 
13.3, 1952-08-16 
12.2, 1952-08-15 
12.8, 1952-08-14 
14.4, 1952-08-13 
17.2, 1952-08-12 
11.7, 1952-08-11 
13.9, 1952-08-10 
14.4, 1952-08-09 
14.4, 1952-08-08 
15, 1952-08-07 
14.4, 1952-08-06 
13.3, 1952-08-05 
12.8, 1952-08-04 
11.7, 1952-08-03 
12.8, 1952-08-02 
15, 1952-08-01 
11.1, 1952-07-31 
10.6, 1952-07-30 
10.6, 1952-07-29 
11.1, 1952-07-28 
10.6, 1952-07-27 
13.9, 1952-07-26 
11.7, 1952-07-25 
11.7, 1952-07-24 
12.2, 1952-07-23 
16.1, 1952-07-22 
15.6, 1952-07-21 
14.4, 1952-07-20 
16.1, 1952-07-19 
15, 1952-07-18 
12.2, 1952-07-17 
7.8, 1952-07-16 
7.8, 1952-07-15 
10, 1952-07-14 
13.3, 1952-07-13 
12.8, 1952-07-12 
13.3, 1952-07-11 
15, 1952-07-10 
13.9, 1952-07-09 
15, 1952-07-08 
15.6, 1952-07-07 
14.4, 1952-07-06 
12.8, 1952-07-05 
12.8, 1952-07-04 
12.2, 1952-07-03 
15, 1952-07-02 
18.9, 1952-07-01 
18.3, 1952-06-30 
16.7, 1952-06-29 
12.2, 1952-06-28 
12.8, 1952-06-27 
11.7, 1952-06-26 
11.7, 1952-06-25 
9.4, 1952-06-24 
10, 1952-06-23 
11.7, 1952-06-22 
11.1, 1952-06-21 
10, 1952-06-20 
9.4, 1952-06-19 
10, 1952-06-18 
9.4, 1952-06-17 
6.7, 1952-06-16 
7.8, 1952-06-15 
10, 1952-06-14 
10.6, 1952-06-13 
13.3, 1952-06-12 
10, 1952-06-11 
10, 1952-06-10 
7.2, 1952-06-09 
5.6, 1952-06-08 
8.9, 1952-06-07 
10.6, 1952-06-06 
10, 1952-06-05 
6.7, 1952-06-04 
8.9, 1952-06-03 
10, 1952-06-02 
11.1, 1952-06-01 
10.6, 1952-05-31 
5, 1952-05-30 
6.1, 1952-05-29 
8.9, 1952-05-28 
9.4, 1952-05-27 
9.4, 1952-05-26 
7.2, 1952-05-25 
7.2, 1952-05-24 
6.7, 1952-05-23 
6.1, 1952-05-22 
5.6, 1952-05-21 
7.2, 1952-05-20 
10.6, 1952-05-19 
11.7, 1952-05-18 
9.4, 1952-05-17 
9.4, 1952-05-16 
11.7, 1952-05-15 
9.4, 1952-05-14 
7.8, 1952-05-13 
6.7, 1952-05-12 
7.8, 1952-05-11 
4.4, 1952-05-10 
8.9, 1952-05-09 
6.7, 1952-05-08 
6.7, 1952-05-07 
8.9, 1952-05-06 
9.4, 1952-05-05 
9.4, 1952-05-04 
8.3, 1952-05-03 
8.9, 1952-05-02 
8.3, 1952-05-01 
5, 1952-04-30 
3.3, 1952-04-29 
4.4, 1952-04-28 
3.9, 1952-04-27 
2.8, 1952-04-26 
5, 1952-04-25 
3.3, 1952-04-24 
5.6, 1952-04-23 
7.2, 1952-04-22 
7.2, 1952-04-21 
9.4, 1952-04-20 
10.6, 1952-04-19 
3.9, 1952-04-18 
5, 1952-04-17 
6.1, 1952-04-16 
8.3, 1952-04-15 
7.2, 1952-04-14 
7.8, 1952-04-13 
6.1, 1952-04-12 
8.3, 1952-04-11 
8.9, 1952-04-10 
3.3, 1952-04-09 
5, 1952-04-08 
4.4, 1952-04-07 
2.8, 1952-04-06 
3.3, 1952-04-05 
3.3, 1952-04-04 
0, 1952-04-03 
1.1, 1952-04-02 
1.1, 1952-04-01 
0, 1952-03-31 
0.6, 1952-03-30 
-1.1, 1952-03-29 
-0.6, 1952-03-28 
-1.1, 1952-03-27 
0, 1952-03-26 
2.8, 1952-03-25 
4.4, 1952-03-24 
3.3, 1952-03-23 
6.1, 1952-03-22 
5, 1952-03-21 
7.8, 1952-03-20 
1.7, 1952-03-19 
3.3, 1952-03-18 
6.1, 1952-03-17 
0.6, 1952-03-16 
-2.8, 1952-03-15 
-1.1, 1952-03-14 
2.8, 1952-03-13 
-0.6, 1952-03-12 
1.1, 1952-03-11 
5.6, 1952-03-10 
6.1, 1952-03-09 
8.9, 1952-03-08 
7.8, 1952-03-07 
1.7, 1952-03-06 
4.4, 1952-03-05 
5.6, 1952-03-04 
7.8, 1952-03-03 
5, 1952-03-02 
3.9, 1952-03-01 
3.3, 1952-02-29 
-3.3, 1952-02-28 
-3.3, 1952-02-27 
-2.8, 1952-02-26 
0.6, 1952-02-25 
3.9, 1952-02-24 
1.7, 1952-02-23 
1.1, 1952-02-22 
3.3, 1952-02-21 
2.8, 1952-02-20 
4.4, 1952-02-19 
3.9, 1952-02-18 
1.1, 1952-02-17 
-2.2, 1952-02-16 
-2.2, 1952-02-15 
-0.6, 1952-02-14 
-4.4, 1952-02-13 
-0.6, 1952-02-12 
0.6, 1952-02-11 
-1.7, 1952-02-10 
0, 1952-02-09 
1.7, 1952-02-08 
2.8, 1952-02-07 
1.1, 1952-02-06 
0, 1952-02-05 
0.6, 1952-02-04 
-0.6, 1952-02-03 
0, 1952-02-02 
-1.1, 1952-02-01 
-2.8, 1952-01-31 
-0.6, 1952-01-30 
0.6, 1952-01-29 
-8.9, 1952-01-28 
-6.1, 1952-01-27 
-5.6, 1952-01-26 
-0.6, 1952-01-25 
-0.6, 1952-01-24 
1.7, 1952-01-23 
-1.1, 1952-01-22 
1.1, 1952-01-21 
1.7, 1952-01-20 
0, 1952-01-19 
1.1, 1952-01-18 
0.6, 1952-01-17 
1.1, 1952-01-16 
3.9, 1952-01-15 
2.8, 1952-01-14 
-1.1, 1952-01-13 
2.2, 1952-01-12 
2.8, 1952-01-11 
1.1, 1952-01-10 
1.1, 1952-01-09 
5.6, 1952-01-08 
7.2, 1952-01-07 
4.4, 1952-01-06 
2.2, 1952-01-05 
-0.6, 1952-01-04 
0, 1952-01-03 
1.1, 1952-01-02 
1.1, 1952-01-01 
-1.1, 1951-12-31 
0.6, 1951-12-30 
0.6, 1951-12-29 
2.8, 1951-12-28 
2.8, 1951-12-27 
-1.1, 1951-12-26 
1.1, 1951-12-25 
6.1, 1951-12-24 
2.8, 1951-12-23 
4.4, 1951-12-22 
5.6, 1951-12-21 
6.1, 1951-12-20 
6.1, 1951-12-19 
6.7, 1951-12-18 
4.4, 1951-12-17 
4.4, 1951-12-16 
5.6, 1951-12-15 
-0.6, 1951-12-14 
-5, 1951-12-13 
-3.3, 1951-12-12 
-2.2, 1951-12-11 
-0.6, 1951-12-10 
2.8, 1951-12-09 
5.6, 1951-12-08 
-0.6, 1951-12-07 
0.6, 1951-12-06 
5.6, 1951-12-05 
5, 1951-12-04 
0, 1951-12-03 
1.7, 1951-12-02 
3.9, 1951-12-01 
5, 1951-11-30 
1.1, 1951-11-29 
3.3, 1951-11-28 
1.7, 1951-11-27 
0, 1951-11-26 
0.6, 1951-11-25 
6.1, 1951-11-24 
2.8, 1951-11-23 
4.4, 1951-11-22 
5, 1951-11-21 
6.1, 1951-11-20 
5.6, 1951-11-19 
6.7, 1951-11-18 
6.1, 1951-11-17 
6.1, 1951-11-16 
3.9, 1951-11-15 
3.9, 1951-11-14 
7.2, 1951-11-13 
7.2, 1951-11-12 
7.2, 1951-11-11 
8.3, 1951-11-10 
5, 1951-11-09 
3.9, 1951-11-08 
6.7, 1951-11-07 
7.8, 1951-11-06 
8.9, 1951-11-05 
1.7, 1951-11-04 
0.6, 1951-11-03 
2.8, 1951-11-02 
3.9, 1951-11-01 
5, 1951-10-31 
5.6, 1951-10-30 
7.2, 1951-10-29 
6.7, 1951-10-28 
7.2, 1951-10-27 
3.3, 1951-10-26 
0.6, 1951-10-25 
1.1, 1951-10-24 
3.3, 1951-10-23 
2.8, 1951-10-22 
4.4, 1951-10-21 
7.2, 1951-10-20 
6.7, 1951-10-19 
8.3, 1951-10-18 
2.8, 1951-10-17 
2.8, 1951-10-16 
5, 1951-10-15 
8.9, 1951-10-14 
5.6, 1951-10-13 
3.3, 1951-10-12 
3.9, 1951-10-11 
2.8, 1951-10-10 
2.8, 1951-10-09 
3.9, 1951-10-08 
6.1, 1951-10-07 
7.8, 1951-10-06 
10, 1951-10-05 
7.8, 1951-10-04 
9.4, 1951-10-03 
11.7, 1951-10-02 
11.7, 1951-10-01 
6.1, 1951-09-30 
5, 1951-09-29 
8.9, 1951-09-28 
10, 1951-09-27 
11.1, 1951-09-26 
12.8, 1951-09-25 
8.9, 1951-09-24 
10.6, 1951-09-23 
5.6, 1951-09-22 
6.1, 1951-09-21 
6.7, 1951-09-20 
10, 1951-09-19 
10.6, 1951-09-18 
8.3, 1951-09-17 
8.3, 1951-09-16 
10.6, 1951-09-15 
10, 1951-09-14 
12.2, 1951-09-13 
15.6, 1951-09-12 
14.4, 1951-09-11 
12.8, 1951-09-10 
11.1, 1951-09-09 
11.1, 1951-09-08 
11.1, 1951-09-07 
13.9, 1951-09-06 
16.7, 1951-09-05 
12.8, 1951-09-04 
10.6, 1951-09-03 
9.4, 1951-09-02 
8.3, 1951-09-01 
10, 1951-08-31 
10.6, 1951-08-30 
13.9, 1951-08-29 
11.7, 1951-08-28 
10.6, 1951-08-27 
11.7, 1951-08-26 
9.4, 1951-08-25 
12.2, 1951-08-24 
8.9, 1951-08-23 
11.1, 1951-08-22 
8.3, 1951-08-21 
10, 1951-08-20 
13.3, 1951-08-19 
8.3, 1951-08-18 
8.9, 1951-08-17 
9.4, 1951-08-16 
9.4, 1951-08-15 
10, 1951-08-14 
7.8, 1951-08-13 
10, 1951-08-12 
8.9, 1951-08-11 
9.4, 1951-08-10 
11.1, 1951-08-09 
10, 1951-08-08 
12.2, 1951-08-07 
12.8, 1951-08-06 
12.8, 1951-08-05 
11.7, 1951-08-04 
12.8, 1951-08-03 
11.7, 1951-08-02 
15, 1951-08-01 
15.6, 1951-07-31 
8.9, 1951-07-30 
10.6, 1951-07-29 
13.3, 1951-07-28 
15, 1951-07-27 
12.8, 1951-07-26 
10, 1951-07-25 
10.6, 1951-07-24 
11.1, 1951-07-23 
10.6, 1951-07-22 
11.1, 1951-07-21 
11.7, 1951-07-20 
11.1, 1951-07-19 
11.7, 1951-07-18 
9.4, 1951-07-17 
10.6, 1951-07-16 
8.3, 1951-07-15 
9.4, 1951-07-14 
10, 1951-07-13 
11.7, 1951-07-12 
13.9, 1951-07-11 
15, 1951-07-10 
10, 1951-07-09 
12.8, 1951-07-08 
12.2, 1951-07-07 
13.3, 1951-07-06 
8.3, 1951-07-05 
8.9, 1951-07-04 
16.1, 1951-07-03 
14.4, 1951-07-02 
10, 1951-07-01 
9.4, 1951-06-30 
8.3, 1951-06-29 
8.9, 1951-06-28 
10.6, 1951-06-27 
7.2, 1951-06-26 
10, 1951-06-25 
10, 1951-06-24 
11.7, 1951-06-23 
12.8, 1951-06-22 
8.9, 1951-06-21 
7.8, 1951-06-20 
9.4, 1951-06-19 
8.3, 1951-06-18 
8.3, 1951-06-17 
9.4, 1951-06-16 
11.1, 1951-06-15 
12.8, 1951-06-14 
12.2, 1951-06-13 
13.3, 1951-06-12 
9.4, 1951-06-11 
9.4, 1951-06-10 
10, 1951-06-09 
7.2, 1951-06-08 
7.2, 1951-06-07 
7.2, 1951-06-06 
6.7, 1951-06-05 
6.7, 1951-06-04 
3.9, 1951-06-03 
5, 1951-06-02 
6.7, 1951-06-01 
6.7, 1951-05-31 
6.1, 1951-05-30 
7.2, 1951-05-29 
6.7, 1951-05-28 
6.7, 1951-05-27 
8.9, 1951-05-26 
11.7, 1951-05-25 
10.6, 1951-05-24 
8.9, 1951-05-23 
5, 1951-05-22 
6.7, 1951-05-21 
8.9, 1951-05-20 
7.8, 1951-05-19 
6.7, 1951-05-18 
5.6, 1951-05-17 
6.1, 1951-05-16 
7.8, 1951-05-15 
5.6, 1951-05-14 
6.7, 1951-05-13 
3.3, 1951-05-12 
3.9, 1951-05-11 
5.6, 1951-05-10 
5, 1951-05-09 
4.4, 1951-05-08 
4.4, 1951-05-07 
5.6, 1951-05-06 
3.3, 1951-05-05 
6.7, 1951-05-04 
3.9, 1951-05-03 
5.6, 1951-05-02 
2.8, 1951-05-01 
0, 1951-04-30 
0, 1951-04-29 
2.8, 1951-04-28 
3.9, 1951-04-27 
3.9, 1951-04-26 
5.6, 1951-04-25 
5, 1951-04-24 
1.7, 1951-04-23 
0.6, 1951-04-22 
3.3, 1951-04-21 
2.2, 1951-04-20 
2.8, 1951-04-19 
0, 1951-04-18 
2.2, 1951-04-17 
3.9, 1951-04-16 
1.1, 1951-04-15 
1.1, 1951-04-14 
2.8, 1951-04-13 
2.8, 1951-04-12 
0, 1951-04-11 
2.8, 1951-04-10 
3.9, 1951-04-09 
1.7, 1951-04-08 
2.8, 1951-04-07 
4.4, 1951-04-06 
4.4, 1951-04-05 
5.6, 1951-04-04 
1.7, 1951-04-03 
2.8, 1951-04-02 
2.8, 1951-04-01 
-2.2, 1951-03-31 
0, 1951-03-30 
-2.2, 1951-03-29 
0, 1951-03-28 
1.1, 1951-03-27 
2.2, 1951-03-26 
-0.6, 1951-03-25 
0, 1951-03-24 
1.7, 1951-03-23 
3.3, 1951-03-22 
-1.1, 1951-03-21 
0, 1951-03-20 
2.2, 1951-03-19 
4.4, 1951-03-18 
7.2, 1951-03-17 
0.6, 1951-03-16 
3.9, 1951-03-15 
5, 1951-03-14 
0, 1951-03-13 
-0.6, 1951-03-12 
1.1, 1951-03-11 
0.6, 1951-03-10 
0.6, 1951-03-09 
1.1, 1951-03-08 
1.7, 1951-03-07 
1.7, 1951-03-06 
-1.1, 1951-03-05 
-1.1, 1951-03-04 
0, 1951-03-03 
-0.6, 1951-03-02 
-1.1, 1951-03-01 
-0.6, 1951-02-28 
-0.6, 1951-02-27 
-1.7, 1951-02-26 
1.1, 1951-02-25 
0.6, 1951-02-24 
0.6, 1951-02-23 
0.6, 1951-02-22 
1.1, 1951-02-21 
1.1, 1951-02-20 
1.7, 1951-02-19 
1.1, 1951-02-18 
0.6, 1951-02-17 
-0.6, 1951-02-16 
-0.6, 1951-02-15 
1.7, 1951-02-14 
-2.2, 1951-02-13 
-0.6, 1951-02-12 
2.2, 1951-02-11 
0.6, 1951-02-10 
2.2, 1951-02-09 
2.2, 1951-02-08 
-0.6, 1951-02-07 
0.6, 1951-02-06 
2.2, 1951-02-05 
-1.1, 1951-02-04 
0, 1951-02-03 
2.2, 1951-02-02 
0, 1951-02-01 
-0.6, 1951-01-31 
-5.6, 1951-01-30 
-4.4, 1951-01-29 
-1.7, 1951-01-28 
-2.2, 1951-01-27 
2.2, 1951-01-26 
2.8, 1951-01-25 
2.2, 1951-01-24 
1.1, 1951-01-23 
4.4, 1951-01-22 
6.7, 1951-01-21 
7.8, 1951-01-20 
3.3, 1951-01-19 
3.3, 1951-01-18 
5, 1951-01-17 
1.1, 1951-01-16 
1.7, 1951-01-15 
1.1, 1951-01-14 
1.1, 1951-01-13 
1.7, 1951-01-12 
1.7, 1951-01-11 
1.1, 1951-01-10 
1.1, 1951-01-09 
4.4, 1951-01-08 
3.3, 1951-01-07 
0.6, 1951-01-06 
0.6, 1951-01-05 
-1.7, 1951-01-04 
-1.7, 1951-01-03 
-1.1, 1951-01-02 
-3.3, 1951-01-01 
